ad_type,campaignName,adGroupName,state,defaultBid,campaign_id,ad_group_id,pulled_at
SPONSORED_PRODUCTS,,PARENT 04 WF KW 2 AG,ENABLED,0.60,27486788426172,10081195320305,2026-09-19 16:57:30
SPONSORED_PRODUCTS,PARENT 04 WF KW,PARENT 04 WF KW AG,ENABLED,0.60,59164358881240,79111355179257,2026-09-19 16:57:30
SPONSORED_PRODUCTS,PARENT ALLIGATOR PT,PARENT ALLIGATOR PT AG,ENABLED,0.60,189491239257066,382448645055505,2026-09-19 16:57:30
SPONSORED_PRODUCTS,,PARENT C-CHARGER KW AG,ENABLED,0.60,83481126926433,63322911858880,2026-09-19 16:57:30
SPONSORED_PRODUCTS,PARENT C-CHARGER PT,PARENT C-CHARGER PT AG,ENABLED,0.60,56598785245189,374757911491949,2026-09-19 16:57:30
SPONSORED_PRODUCTS,PARENT CD 2Pcs KW.,PARENT CD 2Pcs KW AG,ENABLED,0.60,20308069189560,163808722208854,2026-09-19 16:57:30
SPONSORED_PRODUCTS,,PARENT CD 2PCS KW AG,ENABLED,0.60,268615763722087,246066853609992,2026-09-19 16:57:30
SPONSORED_PRODUCTS,PARENT CL 2W KW,PARENT CL 2W KW AG,ENABLED,0.60,59573640092054,152775204492630,2026-09-19 16:57:30
SPONSORED_PRODUCTS,PARENT CLR MIC PT,PARENT CLR MIC PT AG,ENABLED,0.60,191082881250446,479721745874620,2026-09-19 16:57:30
SPONSORED_PRODUCTS,PARENT DP 1 PT,PARENT DP 1 PT AG,ENABLED,0.60,145889079906604,327403983900397,2026-09-19 16:57:30
SPONSORED_PRODUCTS,PARENT DP 200 PT,PARENT DP 200 PT AG,ENABLED,0.60,21007623147718,470717889597475,2026-09-19 16:57:30
SPONSORED_PRODUCTS,,PARENT ET KW AG,ENABLED,0.60,57381028207900,197765536829345,2026-09-19 16:57:30
SPONSORED_PRODUCTS,,PARENT ET PT AG,ENABLED,0.60,31994958747591,335410681767054,2026-09-19 16:57:30
SPONSORED_PRODUCTS,PARENT G PICK PT,PARENT G PICK PT AG,ENABLED,0.60,46670506856875,306134555465182,2026-09-19 16:57:30
SPONSORED_PRODUCTS,PARENT GFF TP PT,PARENT GFF TP PT AG,ENABLED,0.60,43804804126946,300306526278011,2026-09-19 16:57:30
SPONSORED_PRODUCTS,,PARENT GS EL POWER KW AG,ENABLED,0.60,96584664328552,86751243433596,2026-09-19 16:57:30
SPONSORED_PRODUCTS,PARENT GSS UKU PT,PARENT GSS UKU PT AG,ENABLED,0.60,64884242926124,405098444238704,2026-09-19 16:57:30
SPONSORED_PRODUCTS,,PARENT GUITAR STRING KW 2 AG,ENABLED,0.60,3200848091809,99754055097729,2026-09-19 16:57:30
SPONSORED_PRODUCTS,,PARENT HISE KW AG,ENABLED,0.60,24875218287492,128328259636652,2026-09-19 16:57:30
SPONSORED_PRODUCTS,PARENT HISE PT,PARENT HISE PT AG,ENABLED,0.60,63290729497210,443230278074802,2026-09-19 16:57:30
SPONSORED_PRODUCTS,PARENT HORN /DU KW,PARENT HORN /DU KW AG,ENABLED,0.60,216504035232418,175185096709518,2026-09-19 16:57:30
SPONSORED_PRODUCTS,PARENT HORN /DU PT,PARENT HORN /DU PT AG,ENABLED,0.60,24301465895265,340197891238441,2026-09-19 16:57:30
SPONSORED_PRODUCTS,PARENT HORN 405 8PCS KW,PARENT HORN 405 8PCS KW AG,ENABLED,0.60,231816986122219,114248302923964,2026-09-19 16:57:30
SPONSORED_PRODUCTS,PARENT HORN 405 8PCS PT,PARENT HORN 405 8PCS PT AG,ENABLED,0.60,56388317242589,314339811018093,2026-09-19 16:57:30
SPONSORED_PRODUCTS,PARENT HORN 508 2PCS PT,PARENT HORN 508 2PCS PT AG,ENABLED,0.60,137693544953515,491582290091391,2026-09-19 16:57:30
SPONSORED_PRODUCTS,PARENT HORN 508 4PCS PT,PARENT HORN 508 4PCS PT AG,ENABLED,0.60,71830702458282,516671087254407,2026-09-19 16:57:30
SPONSORED_PRODUCTS,PARENT HORN 508 8PCS PT,PARENT HORN 508 8PCS PT AG,ENABLED,0.60,172451006695661,555184848980510,2026-09-19 16:57:30
SPONSORED_PRODUCTS,PARENT HORN,PARENT HORN AG,ENABLED,0.50,146541043832731,459352460504966,2026-09-19 16:57:30
SPONSORED_PRODUCTS,PARENT HORN KW,PARENT HORN KW AG,ENABLED,0.60,134717383008723,50559287303143,2026-09-19 16:57:30
SPONSORED_PRODUCTS,PARENT HORN PT,PARENT HORN PT AG,ENABLED,0.60,211992843451470,428611240077753,2026-09-19 16:57:30
SPONSORED_PRODUCTS,PARENT LS CRANK KW,PARENT LS CRANK KW AG,ENABLED,0.60,185069598933614,274157196231633,2026-09-19 16:57:30
SPONSORED_PRODUCTS,PARENT M-CHARGER PT,PARENT M-CHARGER PT AG,ENABLED,0.60,277779882884995,343696348521648,2026-09-19 16:57:30
SPONSORED_PRODUCTS,,PARENT M-HOLDER KW AG,ENABLED,0.60,120026684451261,64353022110130,2026-09-19 16:57:30
SPONSORED_PRODUCTS,PARENT M-HOLDER PT,PARENT M-HOLDER PT AG,ENABLED,0.60,168670427346903,483385735565367,2026-09-19 16:57:30
SPONSORED_PRODUCTS,PARENT MEGA 77SF PT,PARENT MEGA 77SF PT AG,ENABLED,0.60,209253766757252,411322822620002,2026-09-19 16:57:30
SPONSORED_PRODUCTS,PARENT MEGA WP KW,PARENT MEGA WP KW AG,ENABLED,0.60,57622558126952,134467887142431,2026-09-19 16:57:30
SPONSORED_PRODUCTS,PARENT MEGA WP PT,PARENT MEGA WP PT AG,ENABLED,0.60,242616737294971,351246586115086,2026-09-19 16:57:30
SPONSORED_PRODUCTS,PARENT MEGAPHONE KW,PARENT MEGAPHONE KW AG,ENABLED,0.60,217583736272591,78803047095340,2026-09-19 16:57:30
SPONSORED_PRODUCTS,PARENT MEGAPHONE PT,PARENT MEGAPHONE PT AG,ENABLED,0.60,155599670793257,416564761691084,2026-09-19 16:57:30
SPONSORED_PRODUCTS,,PARENT MIC ADP KW AG,ENABLED,0.60,207117660128893,172387431958115,2026-09-19 16:57:30
SPONSORED_PRODUCTS,PARENT MIC CLIP 2PCS PT,PARENT MIC CLIP 2PCS PT AG,ENABLED,0.60,62288349560002,511424599988713,2026-09-19 16:57:30
SPONSORED_PRODUCTS,PARENT MR 6.5 PT,PARENT MR 6.5 PT AG,ENABLED,0.60,256347812029139,358405898476622,2026-09-19 16:57:30
SPONSORED_PRODUCTS,PARENT MR COMBO 2Pair KW,PARENT MR COMBO 2Pair KW AG,ENABLED,0.60,42531186597351,55282725765246,2026-09-19 16:57:30
SPONSORED_PRODUCTS,PARENT MR COMBO KW,PARENT MR COMBO KW AG,ENABLED,0.60,275278956419376,253860840411295,2026-09-19 16:57:30
SPONSORED_PRODUCTS,PARENT MS SHORT KW,PARENT MS SHORT KW AG,ENABLED,0.60,197627322428229,23301275594647,2026-09-19 16:57:30
SPONSORED_PRODUCTS,PARENT MS SHORT PT,PARENT MS SHORT PT AG,ENABLED,0.60,189831208400003,326644129351337,2026-09-19 16:57:30
SPONSORED_PRODUCTS,,PARENT MUSIC CLIP KW AG,ENABLED,0.60,182001344194645,230901793223274,2026-09-19 16:57:30
SPONSORED_PRODUCTS,PARENT MUSIC CLIP PT,PARENT MUSIC CLIP PT AG,ENABLED,0.60,53857588295685,481987686217359,2026-09-19 16:57:30
SPONSORED_PRODUCTS,PARENT MX 4CH 2MIC KW,PARENT MX 4CH 2MIC KW AG,ENABLED,0.60,247855688651826,110068765731361,2026-09-19 16:57:30
SPONSORED_PRODUCTS,,PARENT NW 2PCS KW AG,ENABLED,0.60,112578077571689,220690799354866,2026-09-19 16:57:30
SPONSORED_PRODUCTS,PARENT NW 2PCS PT,PARENT NW 2PCS PT AG,ENABLED,0.60,162965657752186,464008844466350,2026-09-19 16:57:30
SPONSORED_PRODUCTS,,PARENT NW KW AG,ENABLED,0.60,253378872534594,43741168927259,2026-09-19 16:57:30
SPONSORED_PRODUCTS,PARENT NW PT,PARENT NW PT AG,ENABLED,0.60,257842680212041,454466300921749,2026-09-19 16:57:30
SPONSORED_PRODUCTS,,PARENT P-CORD KW AG,ENABLED,0.50,134279136849370,65036497534419,2026-09-19 16:57:30
SPONSORED_PRODUCTS,PARENT SDS KW,PARENT SDS KW AG,ENABLED,0.60,273103428562384,95589261800184,2026-09-19 16:57:30
SPONSORED_PRODUCTS,,PARENT SPEAKON 2PCS KW AG,ENABLED,0.60,68621576821516,87440572920005,2026-09-19 16:57:30
SPONSORED_PRODUCTS,PARENT SPEAKON 2PCS PT,PARENT SPEAKON 2PCS PT AG,ENABLED,0.60,155780443509850,360906636259935,2026-09-19 16:57:30
SPONSORED_PRODUCTS,PARENT SPONGE PT,PARENT SPONGE PT AG,ENABLED,0.60,181672801208852,399029686410547,2026-09-19 16:57:30
SPONSORED_PRODUCTS,,PARENT String Winder KW AG,ENABLED,0.60,46067076551215,56493030969751,2026-09-19 16:57:30
SPONSORED_PRODUCTS,PARENT String Winder PT,PARENT String Winder PT AG,ENABLED,0.60,80388367714984,464339558114999,2026-09-19 16:57:30
SPONSORED_PRODUCTS,PARENT TABLET FLOOR STAND KW,PARENT TABLET FLOOR STAND KW AG,ENABLED,0.60,123053441770852,129456425599684,2026-09-19 16:57:30
SPONSORED_PRODUCTS,PARENT TW BLT KW,PARENT TW BLT KW AG,ENABLED,0.60,131593660012497,10680758141733,2026-09-19 16:57:30
SPONSORED_PRODUCTS,PARENT TW BLT PT,PARENT TW BLT PT AG,ENABLED,0.60,100695807026873,345035482811859,2026-09-19 16:57:30
SPONSORED_PRODUCTS,,PARENT TW ND KW AG,ENABLED,0.60,126548976749960,37485122870673,2026-09-19 16:57:30
SPONSORED_PRODUCTS,PARENT TW ND PT,PARENT TW ND PT AG,ENABLED,0.60,77528844816443,448304600549372,2026-09-19 16:57:30
SPONSORED_PRODUCTS,,PARENT TYPE C KW AG,ENABLED,0.60,128599919800150,260790578331859,2026-09-19 16:57:30
SPONSORED_PRODUCTS,PARENT TYPE C PT,PARENT TYPE C PT AG,ENABLED,0.60,215895302154116,559386150666928,2026-09-19 16:57:30
SPONSORED_PRODUCTS,PARENT UNDR ST KW,PARENT UNDR ST KW AG,ENABLED,0.60,181754397876777,268995256637894,2026-09-19 16:57:30
SPONSORED_PRODUCTS,,PARENT VS FLD KW AG,ENABLED,0.60,231870651648916,164332676736791,2026-09-19 16:57:30
SPONSORED_PRODUCTS,,PARENT VS FLD PT AG,ENABLED,0.60,226840687500132,474980256656143,2026-09-19 16:57:30
SPONSORED_PRODUCTS,PARENT WALL SPK KW,PARENT WALL SPK KW AG,ENABLED,0.60,97536309573290,181719574759368,2026-09-19 16:57:30
SPONSORED_PRODUCTS,PARENT WALL SPK MTL KW,PARENT WALL SPK MTL KW AG,ENABLED,0.60,55893695056577,167220982052276,2026-09-19 16:57:30
SPONSORED_PRODUCTS,PARENT WF DBL PT,PARENT WF DBL PT AG,ENABLED,0.60,65974833973462,511874264409379,2026-09-19 16:57:30
SPONSORED_PRODUCTS,PARENT WM 301 KW,PARENT WM 301 KW AG,ENABLED,0.60,224922786889576,106423076481984,2026-09-19 16:57:30
SPONSORED_PRODUCTS,PARENT WM 301 PT,PARENT WM 301 PT AG,ENABLED,0.60,163429766783159,481463688702092,2026-09-19 16:57:30
SPONSORED_PRODUCTS,,PARENT XLR KW AG,ENABLED,0.60,163978393933539,41281915135017,2026-09-19 16:57:30
SPONSORED_PRODUCTS,,PARENT XLR PT AG,ENABLED,0.60,9266667488020,495108851226690,2026-09-19 16:57:30
