Order basic information	Order basic information	Order basic information	Order basic information	Order basic information	Order basic information	Order basic information	Order basic information	Order basic information	Order basic information	Order basic information	Order basic information	Order basic information	Order basic information	Order basic information	Order basic information	Order basic information	Order basic information	Order basic information	Order basic information	Order basic information	Order basic information	Order basic information	Order basic information	Order basic information	Order basic information	Order basic information	Order basic information	Order basic information	Order basic information	Order basic information	Order basic information	Order basic information	Order basic information	Order basic information	Order basic information	Order basic information	Taxes on non-order income	Number of items sold	Province	City	Buyer Tax ID	ID card	Seller Tax ID	Product Origin
Order Type	Order Number	Exchange Order	Order Status	Shipment Mode	Urged or not	Is it lost	whether to stay	Order Issue	Product Name	Product Description	Specification	Seller SKU	SHEIN-SKU	SKC	Item ID	Product Status	Inventory ID	Exchange ID	Reason for replacement	Product ID to be exchanged	Locked or not	Order Processed On	Collection Deadline	Requested Shipping Time	Required Delivery Date (Performance Evaluation)	Delivery Time	Tracking Number	Seller's Package	Seller Currency	Product Price	Coupon Discount	Store Campaign Discount	Referral Fees	Estimated merchandise revenue	Fulfillment Service Fee	Storage Fee	Sales Tax	Number of items sold	Province	City	Buyer Tax ID	ID card	Seller Tax ID	Product Origin
Normal Order	GSU18717100NJYE		Pending Shipment		No	No	No	No	5 Core Speaker Stand Pair Adjustable Heavy Duty DJ PA Stands	SS HD 1PK 4FT	Black(黑色)-	SS HD 1PK 4FT	I18bt8ckvpuq	sl25042923538843880	19286608463	Pending Shipment	Stocking	Not replaced			No	2026-July-13 12:40			2026-July-23 00:59			GU2607140865529860	USD	15.42	0	0	1.85	13.57	0	0	1.35	1	CALIFORNIA	Farmersville				
Normal Order	GSU18716N001NSC		Pending Pickup	direct	No	No	No	No	5 Core Megaphone 30W Bull Horn PA Speaker W 800Yard Range	6R	White(白色)-	6R	I18ea0hs9oqy	se25050433167929536	19285818543	Pending Pickup	Stocking	Not replaced			No	2026-July-13 11:24			2026-July-23 00:59		9334610990370298969528	GWU2607140642159617	USD	15.19	0	0	1.22	13.97	0	0	1.31	1	MINNESOTA	Bemidji				
Normal Order	GSU18Y43500MC64		Pending Pickup	direct	No	No	No	No	5 Core Megaphone 50W Bull Horn PA Speaker W 300M Range Loud Siren Voice Amplifier Portable	20RF	White(白色)-	20RF	I04pnxzs9oid	se25050448113311111	19280028593	Pending Pickup	Stocking	Not replaced			No	2026-July-12 21:35			2026-July-22 00:59		GFUS01061716906560	GWU2607134463500289	USD	27.99	0	0	2.24	25.75	0	0	1.18	1	MISSOURI	Saint Louis				
Normal Order	GSU18Y55T005078		Pending Pickup	direct	No	No	No	No	5 CORE Micrófono inalámbrico Bluetooth de 5 núcleos con altavoz para karaoke	WM SPK BLU	Blue(蓝色)-	WM SPK BLU	I08e9xp4wmek	se25050497677133391	19279722178	Pending Pickup	Stocking	Not replaced			No	2026-July-12 21:15			2026-July-22 00:59		GFUS01061716846085	GWU2607134463498241	USD	11.49	0	0	0.92	10.57	0	0	0.69	1	PENNSYLVANIA	Philadelphia				
Normal Order	GSU18Y24T00W4NC		Pending Pickup	direct	No	No	No	No	5 CORE 5Core Microphone Stand Floor Adjustable Boom Arm	MS 080 WH	White(白色)-	MS 080 WH	I08bt7a36dre	sl25042900807637044	19279693268	Pending Pickup	Stocking	Not replaced			No	2026-July-12 21:13			2026-July-22 00:59		GFUS01061716811008	GWU2607134463434752	USD	17.84	0	0	2.14	15.7	0	0	1.48	1	NORTH CAROLINA	Charlotte				
Normal Order	GSU18Y49T000DEU		Pending Pickup	direct	No	No	No	No	5 CORE Megáfono de toro de 30W, altavoz potente con un rango de 800 yardas, megáfono portátil con control de volumen, función de grabación, sirena y bocina para niños y adultos, ideal para animadoras, fútbol y prácticas al aire libre - 6R	6R	White(白色)-	6R	I18ea0hs9oqy	se25050433167929536	19279138268	Pending Pickup	Stocking	Not replaced			No	2026-July-12 20:38			2026-July-22 00:59		GFUS01061716768258	GWU2607134463366147	USD	15.19	0	0	1.22	13.97	0	0	1.25	1	TEXAS	Bryan				
Normal Order	GSU18Y22T00MYRL		Pending Pickup	direct	No	No	No	No	5 CORE Micrófono portátil BT 2 2 piezas, micrófono portátil todo en 1 con grabadora de altavoz Microfono Inalambrico - WM SPK PNK+BLU	WM SPK PNK+BLU	PINK AND BLUE(粉色和蓝色)-	WM SPK PNK+BLU	I38e9y3aa803	se25050439269136358	19279065663	Pending Pickup	Stocking	Not replaced			No	2026-July-12 20:33			2026-July-22 00:59		GFUS01061716703424	GWU2607134463300608	USD	15.99	0	0	1.28	14.71	0	0	1.32	1	TEXAS	Mckinney				
Normal Order	GSU18Y20Q0004DM		Pending Pickup	direct	No	No	No	No	5 CORE 5Core Microphone Wireless Bluetooth Karaoke Mic With Speaker	WM SPK BLK	Black(黑色)-	WM SPK BLK	I14pnvtrhgdi	se25050403712212187	19277947678	Pending Pickup	Stocking	Not replaced			No	2026-July-12 19:24			2026-July-22 00:59		GFUS01061716657668	GWU2607134463301636	USD	11.49	0	0	0.92	10.57	0	0	0.75	1	FLORIDA	Ocoee				
Normal Order	GSU18Y39200QS17		Pending Pickup	direct	No	No	No	No	5 CORE Trípode ajustable de 31 a 76 pulgadas con brazo de jirafa, soporte de micrófono giratorio 360 grados y doble micrófono - MS DBL G YLW	MS DBL G YLW	Yellow(黄色)-	MS DBL G YLW	I74n755ucsp2	sl25042927273760867	19273686518	Pending Pickup	Stocking	Not replaced			No	2026-July-12 14:16			2026-July-22 00:59		GFUS01061627930112	GWU2607131611951105	USD	15.99	0	0	1.92	14.07	0	0	1.2	1	OHIO	Dayton				
Normal Order	GSU18Y2910016BC		Pending Pickup	direct	No	No	No	No	5 Core Microphone Stand Floor 2 Mic Clips Height Adjustable	MS DBL	Black(黑色)-	MS DBL	I04n75bpgp4w	sl25042902214479763	19272428188	Pending Pickup	Stocking	Not replaced			No	2026-July-12 12:36			2026-July-22 00:59		GFUS01061627429952	GWU2607131595042818	USD	15.08	0	0	1.81	13.27	0	0	0.98	1	FLORIDA	Ormond Beach				
Normal Order	GSU18Y51N000F8E		Pending Pickup	direct	No	No	No	No	5 CORE 5Core Music Sheet Stand Adjustable Bookstand Foldable	MUS FLD 4S PNK	Pink(粉色)-	MUS FLD 4S PNK	I58bnqqa33em	sl25042957856339433	19271903308	Pending Pickup	Stocking	Not replaced			No	2026-July-12 11:53			2026-July-22 00:59		9334610990370298677812	GWU2607131626958850	USD	17.09	0	0	2.05	15.04	0	0	1.41	1	TEXAS	Nacogdoches				
Normal Order	GSU18Y460001AP2		Pending Pickup	direct	No	No	No	No	5 CORE 5Core Guitar Stool 3.15" Padded Chair W Backrest Foldable Music Seat Built In Foot Rest Guitar Stand	GSTOOL RND RED REST	Red(红色)-	GSTOOL RND RED REST	I3mmwit9lzy1fj	sh260319045576165180296	19270329713	Pending Pickup	Stocking	Not replaced			No	2026-July-12 09:33			2026-July-22 00:59		9334610990370298670196	GWU2607131626967041	USD	54.99	0	0	6.6	48.39	0	0	4.4	1	ALABAMA	Foley				
Normal Order	GSU18X61X00MYHF		Pending Pickup	direct	No	No	No	No	5 CORE Trípode ajustable para micrófono, de 31 a 76 pulgadas de altura, con brazo de micrófono giratorio 360 grados y soporte dual para micrófono - MS DBL	MS DBL	Black(黑色)-	MS DBL	I04n75bpgp4w	sl25042902214479763	19267866488	Pending Pickup	Stocking	Not replaced			No	2026-July-12 00:03			2026-July-22 00:59		GFUS01061627148480	GWU2607131587118081	USD	15.08	0	0	1.81	13.27	0	0	1.24	1	TEXAS	Missouri City				
Normal Order	GSU18X58W00N8M3		Pending Pickup	direct	No	No	No	No	5 CORE Micrófono portátil BT 2 2 piezas, micrófono portátil todo en 1 con grabadora de altavoz Microfono Inalambrico - WM SPK PNK+BLU	WM SPK PNK+BLU	PINK AND BLUE(粉色和蓝色)-	WM SPK PNK+BLU	I38e9y3aa803	se25050439269136358	19263030693	Pending Pickup	Stocking	Not replaced			No	2026-July-11 16:24			2026-July-22 00:59		GFUS01061626995264	GWU2607131581088768	USD	15.99	0	0	1.28	14.71	0	0	1.28	1	OHIO	Columbus				
Normal Order	GSU18X45N00NK3H		Pending Pickup	direct	No	No	No	No	5 CORE 5Core Microphone Wireless Bluetooth Karaoke Mic With Speaker	WM SPK BLU	Blue(蓝色)-	WM SPK BLU	I08e9xp4wmek	se25050497677133391	19260231088	Pending Pickup	Stocking	Not replaced			No	2026-July-11 12:12			2026-July-22 00:59		GFUS01061626850368	GWU2607131576960000	USD	11.49	0	0	0.92	10.57	0	0	1.18	1	ILLINOIS	Chicago				
Normal Order	GSU186042004KFJ		Pending Pickup	direct	No	No	No	No	5 CORE Atril para partituras con trípode, altura ajustable, portátil y plegable, con soporte para notas y clip para luz - MUS FLD HD ACC BLK	MUS FLD HD ACC BLK	Black(黑色)-	MUS FLD HD ACC BLK	I14lipm41ucv	sl25042900160069869	19248902873	Pending Pickup	Stocking	Not replaced			No	2026-July-10 14:21			2026-July-22 00:59		GFUS01061414825472	GWU2607120455764992	USD	21.86	0	0	2.62	19.24	0	0	1.81	1	TEXAS	Houston				
Normal Order	GSU186372000CWX		Pending Pickup	direct	No	No	No	No	5 CORE Atril para partituras con trípode, altura ajustable, portátil y plegable, con soporte para notas y clip para luz - MUS FLD HD ACC BLK	MUS FLD HD ACC BLK	Black(黑色)-	MUS FLD HD ACC BLK	I14lipm41ucv	sl25042900160069869	19248660133	Pending Pickup	Stocking	Not replaced			No	2026-July-10 13:59			2026-July-22 00:59		GFUS01061414754752	GWU2607120455707648	USD	21.86	0	0	2.62	19.24	0	0	1.53	1	FLORIDA	Miami				
Normal Order	GSU18628N00MS3N		Pending Pickup	direct	No	No	No	No	5 Core Microphone Stand Floor 2 Mic Clips Height Adjustable	MS DBL	Black(黑色)-	MS DBL	I04n75bpgp4w	sl25042902214479763	19247265168	Pending Pickup	Stocking	Not replaced			No	2026-July-10 12:02			2026-July-22 00:59		9334610990370298669916	GWU2607131626967040	USD	15.08	0	0	1.81	13.27	0	0	1.13	1	FLORIDA	Pensacola				
Normal Order	GSU18521S00NJFH		Shipped	direct	No	No	No	No	5 CORE Soporte de altavoz trípode ajustable de 26 a 48 pulgadas para piso, montaje de poste corto para monitor de estudio DJ - SS HD 1 pieza 4 pies	SS HD 1PK 4FT	Black(黑色)-	SS HD 1PK 4FT	I18bt8ckvpuq	sl25042923538843880	19243121263	Shipped	Stocking	Not replaced			No	2026-July-10 05:06			2026-July-22 00:59		GFUS01061215772674	GWU2607105411138563	USD	15.42	0	0	1.85	13.57	0	0	0.93	1	DISTRICT OF COLUMBIA	Washington				
Normal Order	GSU18514T00MDXY		Shipped	direct	No	No	No	No	5 Core Keyboard Bench 3" Padded Piano Stool Adjustable 20.5"	KBB BLK HD	Black(黑色)-	KBB BLK HD	I14owex67h79	sl25050377211813347	19239798453	Shipped	Stocking	Not replaced			No	2026-July-09 21:07			2026-July-21 00:59		92346902673388000030133853	GWU2607110107645952	USD	24.99	0	0	3	21.99	0	0	2.06	1	TEXAS	Corpus Christi				
Normal Order	GSU18517T001C6H		Shipped	direct	No	No	No	No	5 CORE 5Core Microphone Wireless Bluetooth Karaoke Mic With Speaker	WM SPK BLU	Blue(蓝色)-	WM SPK BLU	I08e9xp4wmek	se25050497677133391	19239541473	Shipped	Stocking	Not replaced			No	2026-July-09 20:47			2026-July-21 00:59		92346902673388000030133860	GWU2607110107572226	USD	11.49	0	0	0.92	10.57	0	0	0.95	1	TEXAS	San Antonio				
Normal Order	GSU18542Q0048Y8		Shipped	direct	No	No	No	No	5 Core Projector Stand Floor Adjustable 53" Universal Projectors Support For Home Office & Studio	PS RB 135 WH		PS RB 135 WH	I7mnuz9bs5k24l	se260412073747112379630	19239120793	Shipped	Stocking	Not replaced			No	2026-July-09 20:18			2026-July-21 00:59		92346902673388000030133839	GWU2607110107506691	USD	23.99	0	0	1.92	22.07	0	0	2.34	1	CALIFORNIA	Los Angeles				
Normal Order	GSU18542400TPTE		Shipped	direct	No	No	No	No	5 Core Microphone Stand Floor 2 Mic Clips Height Adjustable	MS DBL	Black(黑色)-	MS DBL	I04n75bpgp4w	sl25042902214479763	19238193128	Shipped	Stocking	Not replaced			No	2026-July-09 19:13			2026-July-21 00:59		GFUS01061215011200	GWU2607105411142659	USD	15.08	0	0	1.81	13.27	0	0	1.05	1	FLORIDA	Miami				
Normal Order	GSU185423001T3Q		Delivered	direct	No	No	No	No	5 CORE 5Core Microphone Wireless Bluetooth Karaoke Mic With Speaker	WM SPK BLK	Black(黑色)-	WM SPK BLK	I14pnvtrhgdi	se25050403712212187	19236784218	Delivered	Stocking	Not replaced			No	2026-July-09 17:22			2026-July-21 00:59	2026-July-13 11:31	GFUS01061214955905	GWU2607105411081218	USD	11.49	0	0	0.92	10.57	0	0	1.03	1	GEORGIA	Richmond Hill				
Normal Order	GSU18510W000K47		Shipped	direct	No	No	No	No	5 CORE 5Core Microphone Wireless Bluetooth Karaoke Mic With Speaker	WM SPK BLU	Blue(蓝色)-	WM SPK BLU	I08e9xp4wmek	se25050497677133391	19236511243	Shipped	Stocking	Not replaced			No	2026-July-09 16:59			2026-July-21 00:59		GFUS01061214915840	GWU2607105411007490	USD	11.49	0	0	0.92	10.57	0	0	0.8	1	FLORIDA	Hallandale				
Normal Order	GSU185301001XVW		Shipped	direct	No	No	No	No	5 CORE Projector Stand 29.5 To 71 Inch Adjustable Tripod 2 Shelves Portable Laptop Cart W Phone Holder	PS WHLS BLK	Black(黑色)-	adea71715c0e4de685d4efea3b246087	I6mk9fxisuyc7c	se260111155625910282481	19233642993	Shipped	Stocking	Not replaced			No	2026-July-09 12:47			2026-July-21 00:59		92346902673388000030133877	GWU2607110107645953	USD	26.99	0	0	2.16	24.83	0	0	1.89	1	INDIANA	Marion				
Normal Order	GSU18T47B00MGMQ		Shipped	direct	No	No	No	No	5 Core Microphone Stand Floor 2 Mic Clips Height Adjustable	MS DBL	Black(黑色)-	MS DBL	I04n75bpgp4w	sl25042902214479763	19230429513	Shipped	Stocking	Not replaced			No	2026-July-09 07:53			2026-July-21 00:59		92346902673388000030133846	GWU2607110107506692	USD	15.08	0	0	1.81	13.27	0	0	0.91	1	KENTUCKY	Winchester				
Normal Order	GSU18T51400N9U6		Shipped	direct	No	No	No	No	5 CORE Soporte de altavoz de 5 núcleos, 2 piezas, de alta resistencia, altura ajustable telescópica de 151,13 cm, base triangular con capacidad de 45,36 kg	SS TRI BASE 64 WH	White(白色)-	bf9ab012e2754ce082dbde0b9d78c985	I9mk9bcga3l4oa	se260111134851499043943	19223980228	Shipped	Stocking	Not replaced			No	2026-July-08 18:41			2026-July-18 00:59		92346902673388000029473991	GWU2607101196057603	USD	49.99	0	0	4	45.99	0	0	3.25	1	FLORIDA	Palm Springs				
Normal Order	GSU18T18300MF4E		Shipped	direct	No	No	No	No	5 CORE 5Core Microphone Wireless Bluetooth Karaoke Mic With Speaker	WM SPK PNK+BLU	PINK AND BLUE(粉色和蓝色)-	WM SPK PNK+BLU	I38e9y3aa803	se25050439269136358	19223121418	Shipped	Stocking	Not replaced			No	2026-July-08 17:29			2026-July-18 00:59		GFUS01061032072258	GWU2607095194545152	USD	15.89	0	0	1.27	14.62	0	0	1.32	1	WASHINGTON	Mount Vernon				
Normal Order	GSU18T603001NX8		Shipped	direct	No	No	No	No	5 Core Megaphone 30W Bull Horn PA Speaker W 800Yard Range	8R-USB WoB	White(白色)-	8R-USB WoB	I08ea9tp3kri	se25050440720216001	19223067348	Shipped	Stocking	Not replaced			No	2026-July-08 17:24			2026-July-18 00:59		92346902673388000029473496	GWU2607101194096642	USD	16.14	0	0	1.29	14.85	0	0	1.21	1	KANSAS	Neodesha				
Normal Order	GSU18T21U0014VH		Shipped	direct	No	No	No	No	5 Core Mic Stand Floor Pair Universal Height Adjustable Tripod Microphone Stands W Boom Arm	MS 080 WH 2 PCS	White(白色)-	MS 080 WH 2 PCS	I8molqkansm2gp	sh260501010101455536968	19221658643	Shipped	Stocking	Not replaced			No	2026-July-08 15:18			2026-July-18 00:59		GFUS01061031945344	GWU2607095194474497	USD	22.99	0	0	2.76	20.23	0	0	1.61	1	GEORGIA	Covington				
Normal Order	GSU18T05U001LT4		Shipped	direct	No	No	No	No	5 CORE 5Core 8 Inch Guitar Speaker Amp Woofer Replacement 100W 4Ohm	WF 890 GTR	Black(黑色)-one-size(均码)	WF 890 GTR	I4cndln50xln	sh251031745023019426	19221408608	Shipped	Stocking	Not replaced			No	2026-July-08 14:54			2026-July-18 00:59		GFUS01061031846272	GWU2607095194408961	USD	14.64	0	0	1.17	13.47	0	0	0.92	1	TEXAS	Richmond				
Normal Order	GSU18T181001BR9		Shipped	direct	No	No	No	No	5 CORE 5Core Microphone Wireless Bluetooth Karaoke Mic With Speaker	WM SPK PNK+BLU	PINK AND BLUE(粉色和蓝色)-	WM SPK PNK+BLU	I38e9y3aa803	se25050439269136358	19219981058	Shipped	Stocking	Not replaced			No	2026-July-08 12:38			2026-July-18 00:59		GFUS01061031778882	GWU2607095194348544	USD	15.89	0	0	1.27	14.62	0	0	0.95	1	MARYLAND	Silver Spring				
Normal Order	GSU18T17N00MRDY		Shipped	direct	No	No	No	No	5 Core Guitar Stand A Frame W Soft Foam Arm Non Slip Rubber For Acoustic Electric Bass Ukulele	GSS BLU	Blue(蓝色)-	GSS BLU	I084yui62rot	sl25042379389895281	19219594838	Shipped	Stocking	Not replaced			No	2026-July-08 12:01			2026-July-18 00:59		92346902673388000029473144	GWU2607101192849411	USD	11.51	0	0	1.38	10.13	0	0	0.92	1	SOUTH CAROLINA	Barnwell				
Normal Order	GSU18T490002T9F		Shipped	direct	No	No	No	No	5 Core Microphone Stand Floor 2 Mic Clips Height Adjustable	MS DBL	Black(黑色)-	MS DBL	I04n75bpgp4w	sl25042902214479763	19218345028	Shipped	Stocking	Not replaced			No	2026-July-08 10:06			2026-July-18 00:59		9334610990150189585514	GWU2607090289811458	USD	15.08	0	0	1.81	13.27	0	0	0.91	1	IDAHO	Meridian				
Normal Order	GSU18Q54B00N9YU		Shipped	direct	No	No	No	No	5 Core Keyboard Bench 3 Inch Padded Piano Stool Adjustable 20.5" Guitar Seat Heavy Duty Portable	KBB WH HD	White(白色)-	KBB WH HD	I0mqib6xx9xq66	sh260618005255270674813	19217108353	Shipped	Stocking	Not replaced			No	2026-July-08 07:56			2026-July-18 00:59		9334610990370298148473	GWU2607085448214531	USD	23.99	0	0	2.88	21.11	0	0	2.13	1	NEW YORK	Brooklyn				
Normal Order	GSU18Q54B00N9YU		Shipped	direct	No	No	No	No	5 Core Keyboard Stand X Shape Height Adjustable Foldable Portable Key Board DJ Controller Stands	KS 1X WH	White(白色)-	KS 1X WH	I7mmwetc0v1hv5	sh260319030327701597765	19217108358	Shipped	Stocking	Not replaced			No	2026-July-08 07:56			2026-July-18 00:59		9334610990150189511704	GWU2607085448214532	USD	17.84	0	0	2.14	15.7	0	0	1.58	1	NEW YORK	Brooklyn				
Normal Order	GSU18Q15A00126U		Shipped	direct	No	No	No	No	5 CORE 5 soportes de micrófono de pie con 4 piezas, ajustables en altura, trípode con brazo telescópico extensible	MS DBL G D-BLU 4pcs	Deep Blue(深蓝)-	MS DBL G D-BLU 4pcs	I2mmwem4p1pzx3	sh260319025886396337256	19216616133	Shipped	Stocking	Not replaced			No	2026-July-08 06:49			2026-July-18 00:59		9334610990150189468848	GWU2607085187707906	USD	36.99	0	0	4.44	32.55	0	0	2.59	1	FLORIDA	Miami				
Normal Order	GSU18Q199001FC4		Shipped	direct	No	No	No	No	5 Core Music Stand Adjustable Desktop Book Stands Portable Sheet Holder All Metal Foldable Bookstand	MUS FLD 4S BLK WLGT	Black(黑色)-	MUS FLD 4S BLK WLGT	I9mmwetl5a6v87	sh260319030332414937663	19216386883	Shipped	Stocking	Not replaced			No	2026-July-08 06:11			2026-July-18 00:59		9334610990370298133875	GWU2607085186661377	USD	15.66	0	0	1.88	13.78	0	0	1.1	1	FLORIDA	Mount Dora				
Normal Order	GSU18Q199001FC4		Shipped	direct	No	No	No	No	5 Core Music Stand Adjustable Desktop Book Stands Portable Sheet Holder All Metal Foldable Bookstand	MUS FLD 4S BLK WLGT	Black(黑色)-	MUS FLD 4S BLK WLGT	I9mmwetl5a6v87	sh260319030332414937663	19216386888	Shipped	Stocking	Not replaced			No	2026-July-08 06:11			2026-July-18 00:59		9334610990370298133875	GWU2607085186661377	USD	15.66	0	0	1.88	13.78	0	0	1.1	1	FLORIDA	Mount Dora				
Normal Order	GSU18Q199001FC4		Shipped	direct	No	No	No	No	5 Core Music Stand Adjustable Desktop Book Stands Portable Sheet Holder All Metal Foldable Bookstand	MUS FLD 4S BLK WLGT	Black(黑色)-	MUS FLD 4S BLK WLGT	I9mmwetl5a6v87	sh260319030332414937663	19216386893	Shipped	Stocking	Not replaced			No	2026-July-08 06:11			2026-July-18 00:59		9334610990370298133875	GWU2607085186661377	USD	15.66	0	0	1.88	13.78	0	0	1.09	1	FLORIDA	Mount Dora				
Normal Order	GSU18Q225001UEA		Delivered	direct	No	No	No	No	5 CORE Micrófono inalámbrico Bluetooth de 5 núcleos con altavoz para karaoke	WM SPK BLU	Blue(蓝色)-	WM SPK BLU	I08e9xp4wmek	se25050497677133391	19213754033	Delivered	Stocking	Not replaced			No	2026-July-07 21:49			2026-July-17 00:59	2026-July-13 11:23	GFUS01060834539712	GWU2607084534904835	USD	10.99	0	0	0.88	10.11	0	0	0.77	1	FLORIDA	Miami				
Normal Order	GSU18Q19400MHBL		Delivered	direct	No	No	No	No	5 CORE 5Core Microphone Wireless Bluetooth Karaoke Mic With Speaker	WM SPK BLK	Black(黑色)-	WM SPK BLK	I14pnvtrhgdi	se25050403712212187	19211485168	Delivered	Stocking	Not replaced			No	2026-July-07 18:55			2026-July-17 00:59	2026-July-12 09:27	GFUS01060834623936	GWU2607084536545281	USD	10.99	0	0	0.88	10.11	0	0	0.69	1	TEXAS	Little Elm				
Normal Order	GSU18Q15W001FHY		Delivered	direct	No	No	No	No	5 Core Keyboard Bench 2 Inch Padded Cushioned Piano Stool Height Adjustable 19" Guitar Seat Portable	KBB 02 BLK	Black(黑色)-	KBB 02 BLK	I48dih2myf7j	sl25050362400690469	19210068158	Delivered	Stocking	Not replaced			No	2026-July-07 16:49			2026-July-17 00:59	2026-July-13 10:36	9334610990370298094763	GWU2607084803734532	USD	18.4	0	0	2.21	16.19	0	0	1.29	1	FLORIDA	Fort Lauderdale				
Normal Order	GSU18Q15W001FHY		Delivered	direct	No	No	No	No	5 Core Keyboard Stand Adapter 2 Tier Adjustable Second Extension Add On For Digital Piano Stands	KS 2T WH	White(白色)-	c742cf8cc1ee4578b07c5ff9d7fb9632	I29lt0jktv95	sh251127007208294355	19210068163	Delivered	Stocking	Not replaced			No	2026-July-07 16:49			2026-July-17 00:59	2026-July-13 10:36	9334610990150189421928	GWU2607084803734531	USD	17.4	0	0	2.09	15.31	0	0	1.21	1	FLORIDA	Fort Lauderdale				
Normal Order	GSU18Q15W001FHY		Delivered	direct	No	No	No	No	5 Core Keyboard Bench 2 Inch Padded Cushioned Piano Stool Height Adjustable 19" Guitar Seat Portable	KBB 02 BLK	Black(黑色)-	KBB 02 BLK	I48dih2myf7j	sl25050362400690469	19210068168	Delivered	Stocking	Not replaced			No	2026-July-07 16:49			2026-July-17 00:59	2026-July-13 10:36	9334610990370298094763	GWU2607084803734532	USD	18.4	0	0	2.21	16.19	0	0	1.29	1	FLORIDA	Fort Lauderdale				
Normal Order	GSU18Q632001VV6		Delivered	direct	No	No	No	No	5 Core Sheet Music Stand Foldable Adjustable Bookstand	MUS FLD BLK	Black(黑色)-	MUS FLD BLK	I88a4r34vg7n	sl25042982123074777	19207998303	Delivered	Stocking	Not replaced			No	2026-July-07 13:24			2026-July-17 00:59	2026-July-13 07:36	GFUS01060834674176	GWU2607084538118146	USD	15.51	0	0	1.86	13.65	0	0	0.97	1	MASSACHUSETTS	Marlborough				
Normal Order	GSU18Q18N000UMV		Delivered	direct	No	No	No	No	5 Core Megaphone 30W Bull Horn PA Speaker W 800Yard Range	6R	White(白色)-	6R	I18ea0hs9oqy	se25050433167929536	19207146818	Delivered	Stocking	Not replaced			No	2026-July-07 12:00			2026-July-17 00:59	2026-July-11 05:01	GFUS01060834740801	GWU2607084540409858	USD	15.19	0	0	1.22	13.97	0	0	1.26	1	NORTH CAROLINA	Charlotte				
Normal Order	GSU18Q01N00173P		Delivered	direct	No	No	No	No	5 Core Microphone Stand Floor 2 Mic Clips Height Adjustable	MS DBL	Black(黑色)-	MS DBL	I04n75bpgp4w	sl25042902214479763	19207109733	Delivered	Stocking	Not replaced			No	2026-July-07 11:56			2026-July-17 00:59	2026-July-11 11:01	GFUS01060834791872	GWU2607084542047235	USD	15.08	0	0	1.81	13.27	0	0	1.06	1	SOUTH CAROLINA	Spartanburg				
Normal Order	GSU18Q170001L48		Shipped	direct	No	No	No	No	5 CORE Micrófono portátil BT 2 2 piezas, micrófono portátil todo en 1 con grabadora de altavoz Microfono Inalambrico - WM SPK PNK+BLU	WM SPK PNK+BLU	PINK AND BLUE(粉色和蓝色)-	WM SPK PNK+BLU	I38e9y3aa803	se25050439269136358	19205946943	Shipped	Stocking	Not replaced			No	2026-July-07 09:58			2026-July-17 00:59		GFUS01060731475009	GWU2607081242698754	USD	15.89	0	0	1.27	14.62	0	0	1.31	1	TEXAS	Austin				
Normal Order	GSU18417Q0020HP		Delivered	direct	No	No	No	No	5 Core Sheet Music Stand Foldable Adjustable Bookstand	MUS FLD BLK	Black(黑色)-	MUS FLD BLK	I88a4r34vg7n	sl25042982123074777	19199707813	Delivered	Stocking	Not replaced			No	2026-July-06 19:44			2026-July-16 00:59	2026-July-12 08:27	GFUS01060669303362	GWU2607074913500162	USD	15.51	0	0	1.86	13.65	0	0	1.01	1	FLORIDA	Lake Worth				
Normal Order	GSU184082001RD3		Shipped	direct	No	No	No	No	5 Core Megaphone 30W Bull Horn PA Speaker W 800Yard Range	6R	White(白色)-	6R	I18ea0hs9oqy	se25050433167929536	19195890103	Shipped	Stocking	Not replaced			No	2026-July-06 14:16			2026-July-16 00:59		GFUS01060669247680	GWU2607074913436675	USD	15.19	0	0	1.22	13.97	0	0	1.38	1	ARIZONA	Phoenix				
Normal Order	GSU18442N001NLV		Pending Pickup	direct	No	No	No	No	5 Core Speaker Stand Pair Adjustable Heavy Duty DJ PA Stands	SS HD 1PK 4FT	Black(黑色)-	SS HD 1PK 4FT	I18bt8ckvpuq	sl25042923538843880	19194131663	Pending Pickup	Stocking	Not replaced			No	2026-July-06 11:27			2026-July-16 00:59		92346902673388000025597981	GWU2607070931077120	USD	15.42	0	0	1.85	13.57	0	0	1.27	1	TEXAS	Dallas				
Normal Order	GSU18412M00NN9N		Pending Pickup	direct	No	No	No	No	5 Core Keyboard Bench 2 Inch Padded Cushioned Piano Stool Height Adjustable 19" Guitar Seat Portable	KBB 02 BLK	Black(黑色)-	KBB 02 BLK	I48dih2myf7j	sl25050362400690469	19193800218	Pending Pickup	Stocking	Not replaced			No	2026-July-06 10:53			2026-July-16 00:59		92346902673388000025597974	GWU2607070931139585	USD	18.4	0	0	2.21	16.19	0	0	1.29	1	FLORIDA	Miramar				
Normal Order	GSU183416000FG0		Pending Pickup	direct	No	No	No	No	5 Core Microphone Stand 3 Level Height Adjustable 24-67" W Heavy Duty Round Base Floor Mic Stands	MS RBL 3T	Black(黑色)-	MS RBL 3T	I48bnr4mzco8	sl25042995694041321	19190031573	Pending Pickup	Stocking	Not replaced			No	2026-July-05 23:13			2026-July-15 00:59		92346902673388000025598001	GWU2607070931139586	USD	23.99	0	0	2.88	21.11	0	0	1.65	1	COLORADO	Fort Lupton				
Normal Order	GSU183026001N18		Delivered	direct	No	No	No	No	5 CORE Micrófono portátil BT 2 2 piezas, micrófono portátil todo en 1 con grabadora de altavoz Microfono Inalambrico - WM SPK PNK+BLU	WM SPK PNK+BLU	PINK AND BLUE(粉色和蓝色)-	WM SPK PNK+BLU	I38e9y3aa803	se25050439269136358	19189565113	Delivered	Stocking	Not replaced			No	2026-July-05 22:22			2026-July-15 00:59	2026-July-13 10:08	GFUS01060481857986	GWU2607064629601282	USD	15.89	0	0	1.27	14.62	0	0	1.11	1	FLORIDA	Doral				
Normal Order	GSU183026001N18		Delivered	direct	No	No	No	No	5 CORE Micrófono portátil BT 2 2 piezas, micrófono portátil todo en 1 con grabadora de altavoz Microfono Inalambrico - WM SPK PNK+BLU	WM SPK PNK+BLU	PINK AND BLUE(粉色和蓝色)-	WM SPK PNK+BLU	I38e9y3aa803	se25050439269136358	19189565118	Delivered	Stocking	Not replaced			No	2026-July-05 22:22			2026-July-15 00:59	2026-July-13 10:08	GFUS01060481857986	GWU2607064629601282	USD	15.89	0	0	1.27	14.62	0	0	1.11	1	FLORIDA	Doral				
Normal Order	GSU183495000SV8		Delivered	direct	No	No	No	No	5 CORE Soporte de pie para micrófono trípode ajustable de 18 a 72 pulgadas, brazo de boom resistente, pedestal para micrófono para cantar - MS 080 WH	MS 080 WH	White(白色)-	MS 080 WH	I08bt7a36dre	sl25042900807637044	19188926468	Delivered	Stocking	Not replaced			No	2026-July-05 21:30			2026-July-15 00:59	2026-July-09 07:25	GFUS01060483167363	GWU2607064629532672	USD	17.84	0	0	2.14	15.7	0	0	1.18	1	NEW JERSEY	New Brunswick				
Normal Order	GSU18304C0021JG		Delivered	direct	No	No	No	No	5 CORE Trípode ajustable para micrófono, de 31 a 76 pulgadas de altura, con brazo de micrófono giratorio 360 grados y soporte dual para micrófono - MS DBL	MS DBL	Black(黑色)-	MS DBL	I04n75bpgp4w	sl25042902214479763	19184195503	Delivered	Stocking	Not replaced			No	2026-July-05 16:01			2026-July-15 00:59	2026-July-13 12:11	92346902673388000025597967	GWU2607070931075075	USD	15.08	0	0	1.81	13.27	0	0	1.47	1	CALIFORNIA	Los Angeles				
Normal Order	GSU18346C00M8H4		Delivered	direct	No	No	No	No	5 Core Megaphone 30W Bull Horn PA Speaker W 800Yard Range	6R	White(白色)-	6R	I18ea0hs9oqy	se25050433167929536	19184035958	Delivered	Stocking	Not replaced			No	2026-July-05 15:49			2026-July-15 00:59	2026-July-08 11:28	GFUS01060481045059	GWU2607064629467136	USD	15.19	0	0	1.22	13.97	0	0	1.2	1	WISCONSIN	Milwaukee				
Normal Order	GSU1833210018Y0		Delivered	direct	No	No	No	No	5 CORE 5Core Dynamic Wired Microphone Mic Singing Handheld Mics	PM 608	Black(黑色)-	PM 608	I08bt67x0gi0	se25042923323352766	19181911303	Delivered	Stocking	Not replaced			No	2026-July-05 13:00			2026-July-15 00:59	2026-July-13 09:31	GFUS01060480906562	GWU2607064629404674	USD	8.88	0	0	0.71	8.17	0	0	0.62	1	FLORIDA	Doral				
Normal Order	GSU18326100179N		Delivered	direct	No	No	No	No	5 CORE 5Core Microphone Wireless Bluetooth Karaoke Mic With Speaker	WM SPK BLU	Blue(蓝色)-	WM SPK BLU	I08e9xp4wmek	se25050497677133391	19181854038	Delivered	Stocking	Not replaced			No	2026-July-05 12:55			2026-July-15 00:59	2026-July-11 12:02	GFUS01060480855297	GWU2607064629402627	USD	10.99	0	0	0.88	10.11	0	0	0.86	1	CALIFORNIA	Lakeside				
Normal Order	GSU183080000JEH		Delivered	direct	No	No	No	No	5 CORE Megáfono de bocina de toro de 30W, altavoz portátil con un alcance de 800 yardas y control de volumen, grabación, sirena y generador de ruido para niños y adultos, ideal para animación, fútbol y eventos al aire libre - 8R-USB WoB	8R-USB WoB	White(白色)-	8R-USB WoB	I08ea9tp3kri	se25050440720216001	19179588693	Delivered	Stocking	Not replaced			No	2026-July-05 09:35			2026-July-15 00:59	2026-July-13 09:20	GFUS01060343656641	GWU2607060150215681	USD	16.14	0	0	1.29	14.85	0	0	1.13	1	FLORIDA	Miami				
Normal Order	GSU18W03F00MMT3		Delivered	direct	No	No	No	No	5 Core Music Stand Adjustable 57" Desktop Book Stands Sheet Holder All Metal Portable Bookstand	MUS FLD GR	Green(绿色)-	MUS FLD GR	I5mmwetl0oov7f	sh260319030350127445515	19179403398	Delivered	Stocking	Not replaced			No	2026-July-05 09:16			2026-July-15 00:59	2026-July-10 10:07	GFUS01060343381506	GWU2607060142810115	USD	14.49	0	0	1.74	12.75	0	0	1.05	1	NORTH CAROLINA	Raleigh				
Normal Order	GSU18W36F000XV5		Customer Refunded	direct	No	No	No	No	5 Core Microphone Stand 3 Level Height Adjustable 24-67" W Heavy Duty Round Base Floor Mic Stands	MS RBL 3T	Black(黑色)-	MS RBL 3T	I48bnr4mzco8	sl25042995694041321	19179321388	Customer Refunded	Stocking	Not replaced			No	2026-July-05 09:06			2026-July-15 00:59	2026-July-09 11:18	9334610990370297594585	GWU2607060281350147	USD	23.99	0	0	2.88	21.11	0	0	1.68	1	INDIANA	Crown Point				
Normal Order	GSU18W36F000XV5		Customer Refunded	direct	No	No	No	No	5 CORE 5Core Microphone Wireless Bluetooth Karaoke Mic With Speaker	WM SPK BLK	Black(黑色)-	WM SPK BLK	I14pnvtrhgdi	se25050403712212187	19179321393	Customer Refunded	Stocking	Not replaced			No	2026-July-05 09:06			2026-July-15 00:59	2026-July-09 11:18	9334610990370297594585	GWU2607060281350147	USD	10.99	0	0	0.88	10.11	0	0	0.77	1	INDIANA	Crown Point				
Normal Order	GSU18W48T00NBT2		Delivered	direct	No	No	No	No	5 CORE 5Core Microphone Wireless Bluetooth Karaoke Mic With Speaker	WM SPK BLK	Black(黑色)-	WM SPK BLK	I14pnvtrhgdi	se25050403712212187	19176131073	Delivered	Stocking	Not replaced			No	2026-July-04 21:10			2026-July-15 00:59	2026-July-12 14:06	GFUS01060344132162	GWU2607060165550081	USD	10.99	0	0	0.88	10.11	0	0	0.92	1	TEXAS	Vidor				
Normal Order	GSU18W62T000P5V		Shipped	direct	No	No	No	No	5 Core Keyboard Stand X Shape Height Adjustable Foldable Portable Key Board DJ Controller Stands	KS 1X WH	White(白色)-	KS 1X WH	I7mmwetc0v1hv5	sh260319030327701597765	19176076123	Shipped	Stocking	Not replaced			No	2026-July-04 21:04			2026-July-15 00:59		9334610990150188366060	GWU2607060281418755	USD	17.84	0	0	2.14	15.7	0	0	1.25	1	FLORIDA	Hallandale				
Normal Order	GSU18W36Q00M444		Delivered	direct	No	No	No	No	5 Core Compression Driver 1″ PA Horn Tweeter Pro Audio 800W 1.75″ Voice Coil 20Oz Magnet 8Ohm Driver	CD 110	A-	CD 110	I9mmwety9yudb3	sq260319030476648950062	19175662213	Delivered	Stocking	Not replaced			No	2026-July-04 20:14			2026-July-15 00:59	2026-July-10 11:42	9334610990370297605014	GWU2607060881594368	USD	17.42	0	0	2.09	15.33	0	0	1.09	1	MASSACHUSETTS	Hyannis				
Normal Order	GSU18W36Q00M444		Delivered	direct	No	No	No	No	5 Core Compression Driver 1″ PA Horn Tweeter Pro Audio 800W 1.75″ Voice Coil 20Oz Magnet 8Ohm Driver	CD 110	A-	CD 110	I9mmwety9yudb3	sq260319030476648950062	19175662218	Delivered	Stocking	Not replaced			No	2026-July-04 20:14			2026-July-15 00:59	2026-July-10 11:42	9334610990370297605014	GWU2607060881594368	USD	17.42	0	0	2.09	15.33	0	0	1.09	1	MASSACHUSETTS	Hyannis				
Normal Order	GSU18W36Q00M444		Delivered	direct	No	No	No	No	5 Core Compression Driver 1″ PA Horn Tweeter Pro Audio 800W 1.75″ Voice Coil 20Oz Magnet 8Ohm Driver	CD 110	A-	CD 110	I9mmwety9yudb3	sq260319030476648950062	19175662223	Delivered	Stocking	Not replaced			No	2026-July-04 20:14			2026-July-15 00:59	2026-July-10 11:42	9334610990370297605014	GWU2607060881594368	USD	17.42	0	0	2.09	15.33	0	0	1.09	1	MASSACHUSETTS	Hyannis				
Normal Order	GSU18W36Q00M444		Delivered	direct	No	No	No	No	5 Core Compression Driver 1″ PA Horn Tweeter Pro Audio 800W 1.75″ Voice Coil 20Oz Magnet 8Ohm Driver	CD 110	A-	CD 110	I9mmwety9yudb3	sq260319030476648950062	19175662228	Delivered	Stocking	Not replaced			No	2026-July-04 20:14			2026-July-15 00:59	2026-July-10 11:42	9334610990370297605014	GWU2607060881594368	USD	17.42	0	0	2.09	15.33	0	0	1.09	1	MASSACHUSETTS	Hyannis				
Normal Order	GSU18W36Q00M444		Delivered	direct	No	No	No	No	5 Core Compression Driver 1″ PA Horn Tweeter Pro Audio 800W 1.75″ Voice Coil 20Oz Magnet 8Ohm Driver	CD 110	A-	CD 110	I9mmwety9yudb3	sq260319030476648950062	19175662233	Delivered	Stocking	Not replaced			No	2026-July-04 20:14			2026-July-15 00:59	2026-July-10 11:42	9334610990370297605014	GWU2607060881594368	USD	17.42	0	0	2.09	15.33	0	0	1.09	1	MASSACHUSETTS	Hyannis				
Normal Order	GSU18W36Q00M444		Delivered	direct	No	No	No	No	5 Core Compression Driver 1″ PA Horn Tweeter Pro Audio 800W 1.75″ Voice Coil 20Oz Magnet 8Ohm Driver	CD 110	A-	CD 110	I9mmwety9yudb3	sq260319030476648950062	19175662238	Delivered	Stocking	Not replaced			No	2026-July-04 20:14			2026-July-15 00:59	2026-July-10 11:42	9334610990370297605014	GWU2607060881594368	USD	17.42	0	0	2.09	15.33	0	0	1.08	1	MASSACHUSETTS	Hyannis				
Normal Order	GSU18W27Q000SPU		Delivered	direct	No	No	No	No	5 Core Keyboard Bench 3 Inch Padded Piano Stool Adjustable 20.5" Guitar Seat Heavy Duty Portable	KBB WH HD	White(白色)-	KBB WH HD	I0mqib6xx9xq66	sh260618005255270674813	19175345048	Delivered	Stocking	Not replaced			No	2026-July-04 19:35			2026-July-15 00:59	2026-July-10 13:25	GFUS01060344434176	GWU2607060175446017	USD	23.99	0	0	2.88	21.11	0	0	1.44	1	VIRGINIA	Springfield				
Normal Order	GSU18W05Q0019JY		Delivered	direct	No	No	No	No	5 CORE 5Core Microphone Wireless Bluetooth Karaoke Mic With Speaker	WM SPK BLU	Blue(蓝色)-	WM SPK BLU	I08e9xp4wmek	se25050497677133391	19175265233	Delivered	Stocking	Not replaced			No	2026-July-04 19:26			2026-July-15 00:59	2026-July-11 11:06	GFUS01060344668352	GWU2607060182656003	USD	10.99	0	0	0.88	10.11	0	0	0.96	1	CALIFORNIA	Elk Grove				
Normal Order	GSU18W39400N67N		Delivered	direct	No	No	No	No	5 CORE 5Core Sheet Music Stand Height Adjustable Bookstand Foldable	MUS FLD HD ACC WH	White(白色)-	MUS FLD HD ACC WH	I88a4rkfl1x9	sl25042923103817173	19175218783	Delivered	Stocking	Not replaced			No	2026-July-04 19:20			2026-July-15 00:59	2026-July-11 14:16	GFUS01060344829441	GWU2607060188552195	USD	22.99	0	0	2.76	20.23	0	0	1.66	1	UTAH	Clearfield				
Normal Order	GSU18W05U001FBD		Delivered	direct	No	No	No	No	5 Core Megaphone 30W Bull Horn PA Speaker W 800Yard Range	6R	White(白色)-	6R	I18ea0hs9oqy	se25050433167929536	19172767493	Delivered	Stocking	Not replaced			No	2026-July-04 14:47			2026-July-15 00:59	2026-July-09 07:37	GFUS01060345039044	GWU2607060195694595	USD	15.19	0	0	1.22	13.97	0	0	0.91	1	PENNSYLVANIA	Philadelphia				
Normal Order	GSU18W25100N4VR		Delivered	direct	No	No	No	No	5 CORE Music Stand For Sheet Music Tripod Height Adjustable Portable Folding Note Holder Atril Para Partituras W Light Clip - MUS FLD HD ACC BLK	MUS FLD HD ACC BLK	Black(黑色)-	MUS FLD HD ACC BLK	I14lipm41ucv	sl25042900160069869	19171540288	Delivered	Stocking	Not replaced			No	2026-July-04 12:40			2026-July-15 00:59	2026-July-10 09:40	GFUS01060345262528	GWU2607060202380289	USD	21.86	0	0	2.62	19.24	0	0	1.31	1	VIRGINIA	Virginia Beach				
Normal Order	GSU18W56N000EEP		Delivered	direct	No	No	No	No	5 Core Keyboard Bench 2 Inch Padded Cushioned Piano Stool Height Adjustable 19" Guitar Seat Portable	KBB 02 BLK	Black(黑色)-	KBB 02 BLK	I48dih2myf7j	sl25050362400690469	19171108713	Delivered	Stocking	Not replaced			No	2026-July-04 11:55			2026-July-15 00:59	2026-July-11 11:02	9334610990370297602198	GWU2607060281351171	USD	18.4	0	0	2.21	16.19	0	0	1.01	1	WISCONSIN	Rice Lake				
Normal Order	GSU18C34B00NEJ6		Delivered	direct	No	No	No	No	5 CORE Soporte de micrófono ajustable en altura de pie, base redonda universal de gran resistencia para estudio, canto, iglesia, escenario - MS RBL 3T	MS RBL 3T	Black(黑色)-	MS RBL 3T	I48bnr4mzco8	sl25042995694041321	19168989668	Delivered	Stocking	Not replaced			No	2026-July-04 08:21			2026-July-15 00:59	2026-July-08 07:24	92346902673388000023605039	GWU2607050009310209	USD	23.99	0	0	2.88	21.11	0	0	1.68	1	FLORIDA	Miami				
Normal Order	GSU18C58B00MWLK		Delivered	direct	No	No	No	No	5 CORE 5Core Microphone Wireless Bluetooth Karaoke Mic With Speaker	WM SPK BLK	Black(黑色)-	WM SPK BLK	I14pnvtrhgdi	se25050403712212187	19168847333	Delivered	Stocking	Not replaced			No	2026-July-04 08:02			2026-July-15 00:59	2026-July-13 10:19	92346902673388000023604636	GWU2607050002365441	USD	10.99	0	0	0.88	10.11	0	0	0.74	1	NEW MEXICO	Santa Cruz				
Normal Order	GSU18C58B00MWLK		Delivered	direct	No	No	No	No	5 CORE 5Core Microphone Wireless Bluetooth Karaoke Mic With Speaker	WM SPK BLK	Black(黑色)-	WM SPK BLK	I14pnvtrhgdi	se25050403712212187	19168847338	Delivered	Stocking	Not replaced			No	2026-July-04 08:02			2026-July-15 00:59	2026-July-13 10:19	92346902673388000023604636	GWU2607050002365441	USD	10.99	0	0	0.88	10.11	0	0	0.76	1	NEW MEXICO	Santa Cruz				
Normal Order	GSU18C58B00MWLK		Delivered	direct	No	No	No	No	5 CORE 5Core Microphone Wireless Bluetooth Karaoke Mic With Speaker	WM SPK BLK	Black(黑色)-	WM SPK BLK	I14pnvtrhgdi	se25050403712212187	19168847343	Delivered	Stocking	Not replaced			No	2026-July-04 08:02			2026-July-15 00:59	2026-July-13 10:19	92346902673388000023604636	GWU2607050002365441	USD	10.99	0	0	0.88	10.11	0	0	0.76	1	NEW MEXICO	Santa Cruz				
Normal Order	GSU18C58B00MWLK		Delivered	direct	No	No	No	No	5 CORE 5Core Microphone Wireless Bluetooth Karaoke Mic With Speaker	WM SPK BLK	Black(黑色)-	WM SPK BLK	I14pnvtrhgdi	se25050403712212187	19168847348	Delivered	Stocking	Not replaced			No	2026-July-04 08:02			2026-July-15 00:59	2026-July-13 10:19	92346902673388000023604636	GWU2607050002365441	USD	10.99	0	0	0.88	10.11	0	0	0.76	1	NEW MEXICO	Santa Cruz				
Normal Order	GSU18C285002NSB		Delivered	direct	No	No	No	No	5 Core Mic Stand Floor Universal Height Adjustable Tripod Microphone Stands Holds 2 Mics W Extending Telescoping Boom Arm Foldable Portable For Studio On Stage	MS DBL G YLW	Yellow(黄色)-	MS DBL G YLW	I74n755ucsp2	sl25042927273760867	19165990403	Delivered	Stocking	Not replaced			No	2026-July-03 22:12			2026-July-15 00:59	2026-July-08 09:00	GFUS01060136864131	GWU2607044859761665	USD	14.99	0	0	1.8	13.19	0	0	1.24	1	TEXAS	Beaumont				
Normal Order	GSU18C533001Q6D		Delivered	direct	No	No	No	No	5 CORE Music Stand For Sheet Music Tripod Height Adjustable Portable Folding Note Holder Atril Para Partituras W Light Clip - MUS FLD HD ACC BLK	MUS FLD HD ACC BLK	Black(黑色)-	MUS FLD HD ACC BLK	I14lipm41ucv	sl25042900160069869	19163550268	Delivered	Stocking	Not replaced			No	2026-July-03 18:21			2026-July-15 00:59	2026-July-10 10:54	GFUS01060136755393	GWU2607044859761664	USD	21.86	0	0	2.62	19.24	0	0	1.69	1	CALIFORNIA	San Diego				
Normal Order	GSU18C29C00MM6Y		Delivered	direct	No	No	No	No	5 CORE 5Core Microphone Wireless Bluetooth Karaoke Mic With Speaker	WM SPK BLK	Black(黑色)-	WM SPK BLK	I14pnvtrhgdi	se25050403712212187	19162131443	Delivered	Stocking	Not replaced			No	2026-July-03 16:07			2026-July-15 00:59	2026-July-10 10:47	92346902673388000023555990	GWU2607044891939843	USD	10.99	0	0	0.88	10.11	0	0	0.88	1	ALABAMA	Mount Hope				
Normal Order	GSU18C25U002242		Delivered	direct	No	No	No	No	5 Core Speaker Stand Pair Adjustable Heavy Duty DJ PA Stands	SS HD 1PK 4FT	Black(黑色)-	SS HD 1PK 4FT	I18bt8ckvpuq	sl25042923538843880	19161528133	Delivered	Stocking	Not replaced			No	2026-July-03 15:13			2026-July-15 00:59	2026-July-09 09:34	92346902673388000023556041	GWU2607044891939842	USD	15.42	0	0	1.85	13.57	0	0	1.08	1	FLORIDA	Milton				
Normal Order	GSU18C60U00106C		Delivered	direct	No	No	No	No	5 CORE Trípode ajustable para micrófono, de 31 a 76 pulgadas de altura, con brazo de micrófono giratorio 360 grados y soporte dual para micrófono - MS DBL	MS DBL	Black(黑色)-	MS DBL	I04n75bpgp4w	sl25042902214479763	19161500098	Delivered	Stocking	Not replaced			No	2026-July-03 15:10			2026-July-15 00:59	2026-July-08 05:39	GFUS01060136632769	GWU2607044859695106	USD	22.12	0	0	2.65	19.47	0	0	1.55	1	FLORIDA	Miramar				
Normal Order	GSU18C53U00112J		Delivered	direct	No	No	No	No	5 CORE 5Core Mic Stand 3 N 1 Desktop Microphone Stands W Phone Clip	MS RBS BOOM	Black(黑色)-	MS RBS BOOM	I74owmmphivi	sl25050331116681665	19161045133	Delivered	Stocking	Not replaced			No	2026-July-03 14:28			2026-July-15 00:59	2026-July-08 04:50	GFUS01060136573121	GWU2607044859630592	USD	11.56	0	0	0.92	10.64	0	0	0.81	1	FLORIDA	Plantation				
Normal Order	GSU18C35U000RF4		Delivered	direct	No	No	No	No	5 CORE 5Core Microphone Wireless Bluetooth Karaoke Mic With Speaker	WM SPK BLU	Blue(蓝色)-	WM SPK BLU	I08e9xp4wmek	se25050497677133391	19161000833	Delivered	Stocking	Not replaced			No	2026-July-03 14:24			2026-July-15 00:59	2026-July-08 12:35	92346902673388000023556010	GWU2607044891939844	USD	10.99	0	0	0.88	10.11	0	0	0.46	1	MISSOURI	Valley Park				
Normal Order	GSU18U10B00N812		Delivered	direct	No	No	No	No	5 CORE 5Core Microphone Wireless Bluetooth Karaoke Mic With Speaker	WM SPK BLU	Blue(蓝色)-	WM SPK BLU	I08e9xp4wmek	se25050497677133391	19156284178	Delivered	Stocking	Not replaced			No	2026-July-03 07:26			2026-July-15 00:59	2026-July-08 05:56	92346902673388000023556027	GWU2607044891938820	USD	10.99	0	0	0.88	10.11	0	0	0.77	1	INDIANA	Rome City				
Normal Order	GSU18U03S00NM59		Delivered	direct	No	No	No	No	5 Core Projector Stand Floor Adjustable 66" Universal Projectors Support For Home Office & Studio	PS RB 167 BLK		PS RB 167 BLK	I8mnuzgfrgrtvm	se260412074091717664878	19155487648	Delivered	Stocking	Not replaced			No	2026-July-03 05:18			2026-July-15 00:59	2026-July-08 08:54	92346902673388000023556034	GWU2607044892204035	USD	20.63	0	0	1.65	18.98	0	0	1.55	1	FLORIDA	Key West				
Normal Order	GSU18U49Y001NS7		Delivered	direct	No	No	No	No	5 Core Speaker Stand Pair Adjustable Heavy Duty DJ PA Stands	SS HD 1PK 4FT	Black(黑色)-	SS HD 1PK 4FT	I18bt8ckvpuq	sl25042923538843880	19154445893	Delivered	Stocking	Not replaced			No	2026-July-03 00:31			2026-July-15 00:59	2026-July-08 09:19	92346902673388000023556003	GWU2607044891938819	USD	15.42	0	0	1.85	13.57	0	0	1.23	1	ALABAMA	Grand Bay				
Normal Order	GSU18U49Y001NS7		Delivered	direct	No	No	No	No	5 Core Speaker Stand Pair Adjustable Heavy Duty DJ PA Stands	SS HD 1PK 4FT	Black(黑色)-	SS HD 1PK 4FT	I18bt8ckvpuq	sl25042923538843880	19154445898	Delivered	Stocking	Not replaced			No	2026-July-03 00:31			2026-July-15 00:59	2026-July-08 09:19	92346902673388000023556003	GWU2607044891938819	USD	15.42	0	0	1.85	13.57	0	0	1.24	1	ALABAMA	Grand Bay				
Normal Order	GSU18U33Q001APU		Delivered	direct	No	No	No	No	5 Core Megaphone 30W Bull Horn PA Speaker W 800Yard Range	6R	White(白色)-	6R	I18ea0hs9oqy	se25050433167929536	19151201273	Delivered	Stocking	Not replaced			No	2026-July-02 19:31			2026-July-15 00:59	2026-July-07 12:26	GFUS01059960671553	GWU2607034884731906	USD	15.19	0	0	1.22	13.97	0	0	1.06	1	FLORIDA	Doral				
Normal Order	GSU18U52400MN15		Delivered	direct	No	No	No	No	5 CORE 5Core Microphone Stand Floor Adjustable With Metal Boom Arm	TBMS 80 HD	Black(黑色)-	TBMS 80 HD	I08bt6mtyqww	sl25042963038891425	19150896508	Delivered	Stocking	Not replaced			No	2026-July-02 19:09			2026-July-15 00:59	2026-July-07 08:12	GFUS01059960598017	GWU2607034884666370	USD	26.99	0	0	3.24	23.75	0	0	1.62	1	PENNSYLVANIA	Harrisburg				
Normal Order	GSU18U11W00NCPR		Delivered	direct	No	No	No	No	5 CORE 5Core Microphone Wireless Bluetooth Karaoke Mic With Speaker	WM SPK PNK+BLU	PINK AND BLUE(粉色和蓝色)-	WM SPK PNK+BLU	I38e9y3aa803	se25050439269136358	19149539613	Delivered	Stocking	Not replaced			No	2026-July-02 17:17			2026-July-15 00:59	2026-July-06 09:35	GFUS01059960556866	GWU2607034884667393	USD	15.89	0	0	1.27	14.62	0	0	1.71	1	ILLINOIS	Cicero				
Normal Order	GSU18U11W00NUM0		Customer Refunded	direct	No	No	No	No	5 Core 8" Subwoofer 500W Car Audio 4Ohm Sub Woofer Speaker	WF 8"-890 1PC	Black(黑色)-	WF 8"-890 1PC	I18gptnyu904	sl25050798628200090	19149403298	Customer Refunded	Stocking	Not replaced			No	2026-July-02 17:05			2026-July-15 00:59	2026-July-07 05:53	GFUS01059960470656	GWU2607034884599810	USD	15.8	0	0	1.9	13.9	0	0	1.03	1	FLORIDA	Orlando				
Normal Order	GSU18U29W00NSMV		Delivered	direct	No	No	No	No	5 CORE Classic Retro Microphone Dynamic Metal Body Old Vintage Style Unidirectional Cardioid Mic W XLR Input Universal Stand Compatible - RTRO MIC COPPER	RTRO MIC RSE GLD	Rose Gold(玫瑰金)	RTRO MIC RSE GLD	I5molukcur0q2e	se260501025208507103222	19149101368	Delivered	Stocking	Not replaced			No	2026-July-02 16:38			2026-July-15 00:59	2026-July-06 15:15	GFUS01059960104193	GWU2607034884536322	USD	30.99	0	0	2.48	28.51	0	0	0	1	DELAWARE	Wilmington				
Normal Order	GSU18U20C00NHTM		Delivered	direct	No	No	No	No	5 Core Megaphone 30W Bull Horn PA Speaker W 800Yard Range	8R-USB WoB	White(白色)-	8R-USB WoB	I08ea9tp3kri	se25050440720216001	19148340393	Delivered	Stocking	Not replaced			No	2026-July-02 15:31			2026-July-15 00:59	2026-July-07 07:16	GFUS01059960025536	GWU2607034884467715	USD	16.14	0	0	1.29	14.85	0	0	1.21	1	FLORIDA	Brandon				
Normal Order	GSU18U12N00CE9E		Delivered	direct	No	No	No	No	5 Core Triple Guitar Stand Floor For Acoustic Electric Bass	GSH 3N1	Black(黑色)-	GSH 3N1	I084yvbchpl3	sl25042373727222652	19146225353	Delivered	Stocking	Not replaced			No	2026-July-02 12:19			2026-July-15 00:59	2026-July-08 11:46	GFUS01059959885121	GWU2607034884469761	USD	21.99	0	0	2.64	19.35	0	0	1.7	1	CALIFORNIA	Costa Mesa				
Normal Order	GSU18239900NH4A		Delivered	direct	No	No	No	No	5 CORE Soporte ajustable en altura para teclado con 5 núcleos, liberación rápida de un solo gatillo, portátil para DJ	KS 2X HAND	Black(黑色)-	KS 2X HAND	I63flzdqfwpn	se25092323829299955	19142322738	Delivered	Stocking	Not replaced			No	2026-July-02 05:41			2026-July-15 00:59	2026-July-07 07:14	GFUS01059784273218	GWU2607025065714690	USD	19.27	0	0	2.31	16.96	0	0	1.35	1	FLORIDA	Doral				
Normal Order	GSU182347002YAR		Delivered	direct	No	No	No	No	5 Core Projector Stand Floor Adjustable 66" Universal Projectors Support For Home Office & Studio	PS RB 167 BLK		PS RB 167 BLK	I8mnuzgfrgrtvm	se260412074091717664878	19141452408	Delivered	Stocking	Not replaced			No	2026-July-02 01:40			2026-July-15 00:59	2026-July-08 09:13	GFUS01059784151040	GWU2607025065321475	USD	20.63	0	0	1.65	18.98	0	0	1.63	1	CALIFORNIA	Keyes				
Normal Order	GSU18259Y00M1J8		Delivered	direct	No	No	No	No	5 Core Keyboard Stand X Shape Height Adjustable Foldable Portable Key Board DJ Controller Stands	KS 1X WH	White(白色)-	KS 1X WH	I7mmwetc0v1hv5	sh260319030327701597765	19141026308	Delivered	Stocking	Not replaced			No	2026-July-02 00:24			2026-July-14 00:59	2026-July-08 13:35	GFUS01059784028352	GWU2607025065124864	USD	17.84	0	0	2.14	15.7	0	0	1.74	1	CALIFORNIA	San Ramon				
Normal Order	GSU18203X00MY2M		Delivered	direct	No	No	No	No	5 Core Projector Stand Floor Adjustable 53" Universal Projectors Support For Home Office & Studio	PS RB 135 WH		PS RB 135 WH	I7mnuz9bs5k24l	se260412073747112379630	19140746943	Delivered	Stocking	Not replaced			No	2026-July-01 23:46			2026-July-14 00:59	2026-July-07 09:13	92346902673388000023556522	GWU2607044912517122	USD	20.4	0	0	1.63	18.77	0	0	1.53	1	FLORIDA	Jacksonville				
Normal Order	GSU18203X00MY2M		Delivered	direct	No	No	No	No	5 Core Keyboard Stand Adjustable Key Board Pianos Stands	KS 1X RED	Red(红色)-	KS 1X RED	I3c11s7aqdsr	sq25093099797732929	19140746948	Delivered	Stocking	Not replaced			No	2026-July-01 23:46			2026-July-14 00:59	2026-July-07 09:13	92346902673388000023556485	GWU2607044910028800	USD	17.84	0	0	2.14	15.7	0	0	1.34	1	FLORIDA	Jacksonville				
Normal Order	GSU18203X00MY2M		Delivered	direct	No	No	No	No	5 Core Projector Stand Floor Adjustable 53" Universal Projectors Support For Home Office & Studio	PS RB 135 WH		PS RB 135 WH	I7mnuz9bs5k24l	se260412073747112379630	19140746953	Delivered	Stocking	Not replaced			No	2026-July-01 23:46			2026-July-14 00:59	2026-July-07 09:13	92346902673388000023556522	GWU2607044912517122	USD	20.4	0	0	1.63	18.77	0	0	1.53	1	FLORIDA	Jacksonville				
Normal Order	GSU18248T000W0B		Delivered	direct	No	No	No	No	5 CORE Soporte de teclado con forma de X de 5 núcleos, ajustable en altura, plegable y portátil para teclados y controladores DJ	KS 1X WH	White(白色)-	KS 1X WH	I7mmwetc0v1hv5	sh260319030327701597765	19138959198	Delivered	Stocking	Not replaced			No	2026-July-01 21:01			2026-July-14 00:59	2026-July-07 08:10	GFUS01059783970817	GWU2607025064598530	USD	17.84	0	0	2.14	15.7	0	0	1.2	1	NORTH CAROLINA	Creedmoor				
Normal Order	GSU18238Q00MTB8		Delivered	direct	No	No	No	No	5 Core Mic Stand Floor Pair Universal Height Adjustable Tripod Microphone Stands W Boom Arm	MS 080 WH 2 PCS	White(白色)-	MS 080 WH 2 PCS	I8molqkansm2gp	sh260501010101455536968	19138118243	Delivered	Stocking	Not replaced			No	2026-July-01 20:03			2026-July-14 00:59	2026-July-07 08:11	GFUS01059783912002	GWU2607025064400899	USD	22.99	0	0	2.76	20.23	0	0	1.9	1	TEXAS	Dallas				
Normal Order	GSU18235Q0024J2		Delivered	direct	No	No	No	No	5 Core Megaphone 30W Bull Horn PA Speaker W 800Yard Range	6R	White(白色)-	6R	I18ea0hs9oqy	se25050433167929536	19137859073	Delivered	Stocking	Not replaced			No	2026-July-01 19:46			2026-July-14 00:59	2026-July-08 17:13	GFUS01059783856321	GWU2607025064335361	USD	15.19	0	0	1.22	13.97	0	0	0.91	1	MARYLAND	Baltimore				
Normal Order	GSU18257Q00NQVP		Delivered	direct	No	No	No	No	5 Core Projector Stand Floor Adjustable 53" Universal Projectors Support For Home Office & Studio	PS RB 135 WH		PS RB 135 WH	I7mnuz9bs5k24l	se260412073747112379630	19137771358	Delivered	Stocking	Not replaced			No	2026-July-01 19:40			2026-July-14 00:59	2026-July-07 11:14	GFUS01059783775490	GWU2607025064336386	USD	20.4	0	0	1.63	18.77	0	0	1.69	1	TEXAS	Humble				
Normal Order	GSU18211W00NJSQ		Customer Refunded	direct	No	No	No	No	5 Core 8" Subwoofer 500W Car Audio 4Ohm Sub Woofer Speaker	WF 8"-890 1PC	Black(黑色)-	WF 8"-890 1PC	I18gptnyu904	sl25050798628200090	19135561878	Customer Refunded	Stocking	Not replaced			No	2026-July-01 16:39			2026-July-14 00:59	2026-July-07 05:53	GFUS01059783504257	GWU2607025064008705	USD	15.8	0	0	1.9	13.9	0	0	1.03	1	FLORIDA	Orlando				
Normal Order	GSU18206200NY0U		Delivered	direct	No	No	No	No	5 Core Projector Stand Floor Adjustable 53" Universal Projectors Support For Home Office & Studio	PS RB 135 WH		PS RB 135 WH	I7mnuz9bs5k24l	se260412073747112379630	19134040393	Delivered	Stocking	Not replaced			No	2026-July-01 14:15			2026-July-14 00:59	2026-July-08 11:38	GFUS01059783352705	GWU2607025063812099	USD	20.4	0	0	1.63	18.77	0	0	1.97	1	CALIFORNIA	Los Angeles				
Normal Order	GSU1824320020GT		Delivered	direct	No	No	No	No	5 CORE 5Core Tripod Mic Stand 2Pcs Adjustable Holder Floor Microphone Boom Arm	MS 080 2PCS	Red(红色)-	MS 080 RED 2PC	I75cqra4c4cj	sl25053159348799187	19133777163	Delivered	Stocking	Not replaced			No	2026-July-01 13:50			2026-July-14 00:59	2026-July-06 10:01	GFUS01059782787264	GWU2607025063746563	USD	29.99	0	0	3.6	26.39	0	0	1.99	1	NEW JERSEY	Trenton				
Normal Order	GSU1822010010K0		Delivered	direct	No	No	No	No	5 CORE Music Stand For Sheet Music Tripod Height Adjustable Portable Folding Note Holder Atril Para Partituras W Light Clip - MUS FLD HD ACC BLK	MUS FLD HD ACC BLK	Black(黑色)-	MUS FLD HD ACC BLK	I14lipm41ucv	sl25042900160069869	19133427243	Delivered	Stocking	Not replaced			No	2026-July-01 13:16			2026-July-14 00:59	2026-July-09 07:40	GFUS01059782731968	GWU2607025063548929	USD	21.86	0	0	2.62	19.24	0	0	1.16	1	VIRGINIA	Fredericksburg				
Normal Order	GSU18122B00NDB7		Delivered	direct	No	No	No	No	5 CORE Micrófono inalámbrico Bluetooth de 5 núcleos con altavoz para karaoke	WM SPK BLU	Blue(蓝色)-	WM SPK BLU	I08e9xp4wmek	se25050497677133391	19130230288	Delivered	Stocking	Not replaced			No	2026-July-01 08:05			2026-July-14 00:59	2026-July-04 07:47	GFUS01059628072064	GWU2607015563383811	USD	10.99	0	0	0.88	10.11	0	0	0.77	1	SOUTH CAROLINA	Easley				
Normal Order	GSU18150W00MHU5		Delivered	direct	No	No	No	No	5 CORE 5Core Microphone Wireless Bluetooth Karaoke Mic With Speaker	WM SPK BLU	Blue(蓝色)-	WM SPK BLU	I08e9xp4wmek	se25050497677133391	19122797573	Delivered	Stocking	Not replaced			No	2026-June-30 16:56			2026-July-11 00:59	2026-July-05 12:12	GFUS01059605433472	GWU2607014838621185	USD	10.99	0	0	0.88	10.11	0	0	0.77	1	FLORIDA	Sunrise				
Normal Order	GSU18125W00M83P		Delivered	direct	No	No	No	No	5 Core Megaphone 30W Bull Horn PA Speaker W 800Yard Range	6R	White(白色)-	6R	I18ea0hs9oqy	se25050433167929536	19122741963	Delivered	Stocking	Not replaced			No	2026-June-30 16:50			2026-July-11 00:59	2026-July-04 14:00	GFUS01059605316865	GWU2607014836264963	USD	15.19	0	0	1.22	13.97	0	0	1.35	1	GEORGIA	Atlanta				
Normal Order	GSU18135100M1PU		Delivered	direct	No	No	No	No	5 CORE 5Core Microphone Stand Floor Extending Boom Arm Adjustable	MS 080 SKY BLU	Blue(蓝色)-	MS 080 SKY BLU	I74n75lg6xn9	sl25042988302269099	19120079153	Delivered	Stocking	Not replaced			No	2026-June-30 12:23			2026-July-11 00:59	2026-July-07 09:08	GFUS01059605547392	GWU2607014842225666	USD	15.2	0	0	1.82	13.38	0	0	1.46	1	LOUISIANA	Shreveport				
Normal Order	GSU18N11F0007N3		Delivered	direct	No	No	No	No	5 Core Projector Stand Floor Adjustable 66" Universal Projectors Support For Home Office & Studio	PS RB 167 BLK		PS RB 167 BLK	I8mnuzgfrgrtvm	se260412074091717664878	19118212248	Delivered	Stocking	Not replaced			No	2026-June-30 09:17			2026-July-11 00:59	2026-July-03 11:55	92346902673388000020319212	GWU2607010713066500	USD	20.63	0	0	1.65	18.98	0	0	1.24	1	DISTRICT OF COLUMBIA	Washington				
Normal Order	GSU18N34B000QT9		Delivered	direct	No	No	No	No	5 Core Triple Guitar Stand Floor For Acoustic Electric Bass	GSH 3N1	Black(黑色)-	GSH 3N1	I084yvbchpl3	sl25042373727222652	19117309448	Delivered	Stocking	Not replaced			No	2026-June-30 07:33			2026-July-11 00:59	2026-July-02 10:03	92346902673388000020319243	GWU2607010713195522	USD	21.99	0	0	2.64	19.35	0	0	0	1	DELAWARE	Dover				
Normal Order	GSU18N63A00MUTC		Delivered	direct	No	No	No	No	5 CORE 5Core Capo 4Pcs Acoustic Electric Guitar 6 String Kapo Clip For Banjo Mandolin Ukulele	CAPO BLUE 4Pk	Blue(蓝色)-	CAPO BLUE 4Pk	I6moki1xhr2ebm	sh260430041695977274156	19116990958	Delivered	Stocking	Not replaced			No	2026-June-30 06:45			2026-July-11 00:59	2026-July-06 09:52	92001902673388000041752843	GWU2607010713066499	USD	8.73	0	0	1.05	7.68	0	0	0.73	1	MINNESOTA	Prior Lake				
Normal Order	GSU18N41R00NWB5		Customer Refunded	direct	No	No	No	No	5 Core Megaphone 30W Bull Horn PA Speaker W 800Yard Range	6R	White(白色)-	6R	I18ea0hs9oqy	se25050433167929536	19116221678	Customer Refunded	Stocking	Not replaced			No	2026-June-30 03:27			2026-July-11 00:59	2026-July-02 12:36	92346902673388000020319229	GWU2607010713132033	USD	15.19	0	0	1.22	13.97	0	0	0.92	1	PENNSYLVANIA	Southampton				
Normal Order	GSU18N23T00MWV2		Delivered	direct	No	No	No	No	5 Core Keyboard Bench 3" Padded Piano Stool Adjustable 20.5"	KBB BLK HD	Black(黑色)-	KBB BLK HD	I14owex67h79	sl25050377211813347	19113164083	Delivered	Stocking	Not replaced			No	2026-June-29 20:49			2026-July-10 00:59	2026-July-06 08:55	92346902673388000020319175	GWU2607010713129984	USD	24.99	0	0	3	21.99	0	0	2.52	1	CALIFORNIA	San Jose				
Normal Order	GSU18N29Q001F0R		Delivered	direct	No	No	No	No	5 Core Mic Stand Floor Pair Height Adjustable Universal Heavy Weight Microphone Stands Round Base	MS RBL 3T 2PCS	Black(黑色)-	MS RBL 3T 2PCS	I75yu9vco3mi	sl25062669411165880	19112008923	Delivered	Stocking	Not replaced			No	2026-June-29 19:35			2026-July-10 00:59	2026-July-03 09:49	9334610990370297208635	GWU2607014889283585	USD	38.99	0	0	4.68	34.31	0	0	2.73	1	INDIANA	Washington				
Normal Order	GSU18N26Q00N0W3		Delivered	direct	No	No	No	No	5 Core Speaker Stand Tripod Heavy Duty Adjustable 60" Universal Mount For PA DJ Studio	SS HD 1PK 5FT	Black(黑色)-	2a9ba901492a4ecb845002a60d2d2523	I7mlezsxjcta22	sh260209175175595510443	19111953253	Delivered	Stocking	Not replaced			No	2026-June-29 19:32			2026-July-10 00:59	2026-July-06 07:01	92346902673388000020319267	GWU2607010713133057	USD	17.08	0	0	2.05	15.03	0	0	1.39	1	MINNESOTA	Minneapolis				
Normal Order	GSU18N574000FJU		Delivered	direct	No	No	No	No	5 Core Megaphone 30W Bull Horn PA Speaker W 800Yard Range	6R	White(白色)-	6R	I18ea0hs9oqy	se25050433167929536	19111396788	Delivered	Stocking	Not replaced			No	2026-June-29 18:52			2026-July-10 00:59	2026-July-03 14:07	92346902673388000020319236	GWU2607010713132034	USD	15.19	0	0	1.22	13.97	0	0	1.25	1	TEXAS	Austin				
Normal Order	GSU18N07W00NQLV		Delivered	direct	No	No	No	No	5 CORE 5Core 6x9 Car Speaker Audio 800W 4Ohm 4 Way Coaxial Speaker	CS 69 4W	Black(黑色)-	CS 69 4W	I18k8j85ev68	sq25050711183576637	19109994093	Delivered	Stocking	Not replaced			No	2026-June-29 16:46			2026-July-10 00:59	2026-July-02 08:00	92346902673388000020319199	GWU2607010713067523	USD	29.99	0	0	3.6	26.39	0	0	1.8	1	WEST VIRGINIA	Bartow				
Normal Order	GSU18N36W001AGF		Delivered	direct	No	No	No	No	5 Core Mic Stand Floor Universal Height Adjustable Tripod Microphone Stands Holds 2 Mics W Extending Telescoping Boom Arm Foldable Portable For Studio On Stage	MS DBL G YLW	Yellow(黄色)-	MS DBL G YLW	I74n755ucsp2	sl25042927273760867	19109852863	Delivered	Stocking	Not replaced			No	2026-June-29 16:32			2026-July-10 00:59	2026-July-05 08:52	92346902673388000020319205	GWU2607010713129985	USD	13.64	0	0	1.64	12	0	0	0.58	1	MISSOURI	Republic				
Normal Order	GSU18N46100NDXL		Delivered	direct	No	No	No	No	5 CORE Micrófono inalámbrico Bluetooth para karaoke, todo en uno, portátil y de mano, con altavoz, grabadora - WM SPK BLK	WM SPK BLK	Black(黑色)-	WM SPK BLK	I14pnvtrhgdi	se25050403712212187	19107730068	Delivered	Stocking	Not replaced			No	2026-June-29 12:56			2026-July-10 00:59	2026-July-03 13:04	92001902673388000041752836	GWU2607010712998912	USD	10.99	0	0	0.88	10.11	0	0	0.8	1	TEXAS	Houston				
Normal Order	GSU18N38N00NSLQ		Delivered	direct	No	No	No	No	5 CORE Capo de ajuste rápido y fácil para guitarra acústica eléctrica de 6 cuerdas, clásico con pinza - Para banjo, mandolina o ukulele - CAPO ROJO	CAPO RED	Red(红色)-	CAPO RED	I08dig73upkb	sl25050325162656913	19107032678	Delivered	Stocking	Not replaced			No	2026-June-29 11:44			2026-July-10 00:59	2026-July-04 13:32	GFUS01059298856256	GWU2606300728069122	USD	6.76	0	0	0.81	5.95	0	0	0.47	1	NORTH CAROLINA	Fayetteville				
Normal Order	GSU18M35B0011KH		Delivered	direct	No	No	No	No	5 CORE Soporte de piso ajustable de 53" para proyector con 5 núcleos, universal para uso doméstico, oficina y estudio	PS RB 135 WH		PS RB 135 WH	I7mnuz9bs5k24l	se260412073747112379630	19104949413	Delivered	Stocking	Not replaced			No	2026-June-29 07:44			2026-July-10 00:59	2026-July-03 08:25	GFUS01059278209472	GWU2606300329284610	USD	20.4	0	0	1.63	18.77	0	0	2.08	1	ILLINOIS	Chicago				
Normal Order	GSU18M44400MSRH		Delivered	direct	No	No	No	No	5 Core Mic Stand Floor Universal Height Adjustable Tripod Microphone Stands Holds 2 Mics W Extending Telescoping Boom Arm Foldable Portable For Studio On Stage	MS DBL G YLW	Yellow(黄色)-	MS DBL G YLW	I74n755ucsp2	sl25042927273760867	19097429418	Delivered	Stocking	Not replaced			No	2026-June-28 18:56			2026-July-09 00:59	2026-July-07 21:10	GFUS01059278279041	GWU2606300329284609	USD	13.64	0	0	1.64	12	0	0	1.4	1	WASHINGTON	Bellevue				
Normal Order	GSU18058A000MWG		Delivered	direct	No	No	No	No	5 CORE 5Core Microphone Wireless Bluetooth Karaoke Mic With Speaker	WM SPK BLU	Blue(蓝色)-	WM SPK BLU	I08e9xp4wmek	se25050497677133391	19089384563	Delivered	Stocking	Not replaced			No	2026-June-28 06:39			2026-July-09 00:59	2026-July-06 11:18	GFUS01059131188482	GWU2606290988176387	USD	10.99	0	0	0.88	10.11	0	0	0.77	1	FLORIDA	Doral				
Normal Order	GSU18041R00M5P7		Delivered	direct	No	No	No	No	5 Core Triple Guitar Stand Floor For Acoustic Electric Bass	GSH 3N1	Black(黑色)-	GSH 3N1	I084yvbchpl3	sl25042373727222652	19088854733	Delivered	Stocking	Not replaced			No	2026-June-28 03:26			2026-July-09 00:59	2026-July-04 08:23	GFUS01059131452544	GWU2606290996241409	USD	21.99	0	0	2.64	19.35	0	0	1.32	1	PENNSYLVANIA	Horsham				
Normal Order	GSU18064600MLTA		Delivered	direct	No	No	No	No	5 Core Keyboard Stand Height Adjustable One Hand Trigger Quick Release Portable Key Board DJ Stands	KS 2X HAND	Black(黑色)-	KS 2X HAND	I63flzdqfwpn	se25092323829299955	19087687078	Delivered	Stocking	Not replaced			No	2026-June-27 22:56			2026-July-09 00:59	2026-July-06 13:24	GFUS01059131635904	GWU2606291002267650	USD	19.27	0	0	2.31	16.96	0	0	1.35	1	FLORIDA	Fort Lauderdale				
Normal Order	GSU18044T00N1A8		Delivered	direct	No	No	No	No	5 Core Mic Stand Floor Pair Universal Height Adjustable Tripod Microphone Stands W Boom Arm	MS 080 SKY BLU 2 PCS	Sky Blue(天蓝色)-	MS 080 SKY BLU 2 PCS	I2molqdc6z3530	sh260501005607078852085	19086538353	Delivered	Stocking	Not replaced			No	2026-June-27 20:59			2026-July-09 00:59	2026-July-04 12:05	GFUS01059131852288	GWU2606291008693248	USD	22.99	0	0	2.76	20.23	0	0	1.61	1	SOUTH CAROLINA	Fort Mill				
Normal Order	GSU18047T00MUJW		Delivered	direct	No	No	No	No	5 Core Microphone Stand 3 Level Height Adjustable 24-67" W Heavy Duty Round Base Floor Mic Stands	MS RBL 3T	Black(黑色)-	MS RBL 3T	I48bnr4mzco8	sl25042995694041321	19086322758	Delivered	Stocking	Not replaced			No	2026-June-27 20:40			2026-July-09 00:59	2026-July-04 07:46	GFUS01059132003650	GWU2606291013673985	USD	23.99	0	0	2.88	21.11	0	0	1.92	1	GEORGIA	Riverdale				
Normal Order	GSU180094001X39		Delivered	direct	No	No	No	No	5 CORE Micrófono dinámico profesional de 5 núcleos con conector XLR para karaoke y canto	ND 58		ND 58	I4mnz0gsojutor	se260415032125176945471	19084929828	Delivered	Stocking	Not replaced			No	2026-June-27 18:42			2026-July-09 00:59	2026-July-03 08:42	GFUS01059132096960	GWU2606291016621058	USD	16.99	0	0	1.36	15.63	0	0	1.44	1	ILLINOIS	West Chicago				
Normal Order	GSU18050100MR5E		Delivered	direct	No	No	No	No	5 CORE 5Core Guitar Footrest Adjustable Foot Stool Classic Leg Rest	GFS WHTE	White(白色)-	GFS WHTE	I18buq7qmz3h	sl25042688130594255	19081373548	Delivered	Stocking	Not replaced			No	2026-June-27 13:01			2026-July-09 00:59	2026-July-03 09:54	GFUS01058961604096	GWU2606281225943043	USD	11.39	0	0	1.37	10.02	0	0	0.94	1	TEXAS	San Antonio				
Normal Order	GSU1801910002K4		Delivered	direct	No	No	No	No	5 Core Microphone Clip Holder 6 Pieces With Screw Adapters 5/8 To 3/8 Inch	MC 123478 6PCS	one-size(均码)-	MC 123478 6PCS	I8moltl3vj2l1i	se260501022781652070714	19081307463	Delivered	Stocking	Not replaced			No	2026-June-27 12:55			2026-July-09 00:59	2026-July-03 09:54	GFUS01058961528064	GWU2606281225943042	USD	9.59	0	0	0.77	8.82	0	0	0.99	1	ILLINOIS	Skokie				
Normal Order	GSU17P21F00NGHM		Delivered	direct	No	No	No	No	5 CORE 5Core Microphone Wireless Bluetooth Karaoke Mic With Speaker	WM SPK BLU	Blue(蓝色)-	WM SPK BLU	I08e9xp4wmek	se25050497677133391	19078727223	Delivered	Stocking	Not replaced			No	2026-June-27 08:29			2026-July-09 00:59	2026-July-03 10:41	GFUS01058961375680	GWU2606281225877506	USD	10.44	0	0	0.84	9.6	0	0	0.81	1	OHIO	Toledo				
Normal Order	GSU17P485000DWY		Delivered	direct	No	No	No	No	5 CORE Micrófono inalámbrico Bluetooth para karaoke, todo en uno, portátil y de mano, con altavoz, grabadora - WM SPK BLK	WM SPK BLK	Black(黑色)-	WM SPK BLK	I14pnvtrhgdi	se25050403712212187	19075280588	Delivered	Stocking	Not replaced			No	2026-June-26 21:41			2026-July-09 00:59	2026-July-06 12:06	92001902673388000035920661	GWU2606281220505602	USD	10.44	0	0	0.84	9.6	0	0	0.81	1	CALIFORNIA	Rialto				
Normal Order	GSU17P485000DWY		Delivered	direct	No	No	No	No	5 CORE Micrófono inalámbrico Bluetooth para karaoke, todo en uno, portátil y de mano, con altavoz, grabadora - WM SPK BLK	WM SPK BLK	Black(黑色)-	WM SPK BLK	I14pnvtrhgdi	se25050403712212187	19075280593	Delivered	Stocking	Not replaced			No	2026-June-26 21:41			2026-July-09 00:59	2026-July-06 12:06	92001902673388000035920661	GWU2606281220505602	USD	10.44	0	0	0.84	9.6	0	0	0.8	1	CALIFORNIA	Rialto				
Normal Order	GSU17P12Q0006NQ		Delivered	direct	No	No	No	No	5 CORE Soporte de micrófono de altura ajustable de mesa de 7,5 a 12 pulgadas, trípode de sobremesa, soporte portátil de escritorio, incluye pinza universal para micrófono - MS MINI TRI CH	MS MINI TRI CH	Black(黑色)-	MS MINI TRI CH	I18dio71sgk6	sl25050321223244100	19073793648	Delivered	Stocking	Not replaced			No	2026-June-26 19:46			2026-July-09 00:59	2026-July-06 16:20	92001902673388000035920081	GWU2606281217421313	USD	8.54	0	0	1.02	7.52	0	0	0.83	1	ARIZONA	Coolidge				
Normal Order	GSU17E11C00NYCT		Customer Refunded	direct	No	No	No	No	5 Core 8" Subwoofer 500W Car Audio 4Ohm Sub Woofer Speaker	WF 8"-890 1PC	Black(黑色)-	WF 8"-890 1PC	I18gptnyu904	sl25050798628200090	19057147823	Customer Refunded	Stocking	Not replaced			No	2026-June-25 16:17			2026-July-08 00:59	2026-July-01 07:50	GFUS01058899477570	GWU2606274939932672	USD	16.78	0	0	2.01	14.77	0	0	1.09	1	FLORIDA	Orlando				
Normal Order	GSU17E19000MDBG		Delivered	direct	No	No	No	No	5 CORE 5Core Microphone Wireless Bluetooth Karaoke Mic With Speaker	WM SPK BLK	Black(黑色)-	WM SPK BLK	I14pnvtrhgdi	se25050403712212187	19053446758	Delivered	Stocking	Not replaced			No	2026-June-25 10:19			2026-July-08 00:59	2026-June-30 04:57	GFUS01058766030080	GWU2606270678518787	USD	10.44	0	0	0.84	9.6	0	0	0.63	1	VIRGINIA	Ashburn				
Normal Order	GSU17D633000342		Delivered	direct	No	No	No	No	5 CORE 5Core Microphone Wireless Bluetooth Karaoke Mic With Speaker	WM SPK BLK	Black(黑色)-	WM SPK BLK	I14pnvtrhgdi	se25050403712212187	19044351238	Delivered	Stocking	Not replaced			No	2026-June-24 18:18			2026-July-07 00:59	2026-July-01 09:20	GFUS01058578365504	GWU2606260294405123	USD	10.44	0	0	0.84	9.6	0	0	1.11	1	CALIFORNIA	Compton				
Normal Order	GSU17D40100NY2X		Delivered	direct	No	No	No	No	5 Core Megaphone 30W Bull Horn PA Speaker W 800Yard Range	6R	White(白色)-	6R	I18ea0hs9oqy	se25050433167929536	19041399743	Delivered	Stocking	Not replaced			No	2026-June-24 13:20			2026-July-07 00:59	2026-June-30 09:19	92346902673388000016980839	GWU2606270630876161	USD	15.19	0	0	1.22	13.97	0	0	1.32	1	KANSAS	Great Bend				
Normal Order	GSU17D37100N3TF		Delivered	direct	No	No	No	No	5 CORE Subwoofer de 8 pulgadas • 500W PMPO 4 ohmios Altavoz de graves para automóvil • Altavoz de repuesto con bobina de voz de 0.81" • Altavoces para auto- WF 8"-890 1 pieza	WF 8"-890 1PC	Black(黑色)-	WF 8"-890 1PC	I18gptnyu904	sl25050798628200090	19040904183	Delivered	Stocking	Not replaced			No	2026-June-24 12:29			2026-July-07 00:59	2026-July-04 08:23	GFUS01058420380226	GWU2606250891100161	USD	16.78	0	0	2.01	14.77	0	0	1.18	1	FLORIDA	Miami				
Normal Order	GSU17V139001E8G		Delivered	direct	No	No	No	No	5 CORE Soporte de teclado con forma de X de 5 núcleos, ajustable en altura, plegable y portátil para teclados y controladores DJ	KS 1X WH	White(白色)-	KS 1X WH	I7mmwetc0v1hv5	sh260319030327701597765	19037576638	Delivered	Stocking	Not replaced			No	2026-June-24 05:52			2026-July-07 00:59	2026-June-29 07:54	GFUS01058391635456	GWU2606245633742852	USD	17.84	0	0	2.14	15.7	0	0	1.13	1	CONNECTICUT	New Britain				
Normal Order	GSU17V487000MJD		Delivered	direct	No	No	No	No	5 Core Microphone Stand Floor Adjustable Extendable Boom Arm	MS DBL G SKY BLU	Blue(蓝色)-	MS DBL G SKY BLU	I18fbu0tpk16	sl25042932573475500	19036324858	Delivered	Stocking	Not replaced			No	2026-June-24 02:21			2026-July-07 00:59	2026-June-26 12:52	GFUS01058362401216	GWU2606244698608640	USD	17.66	0	0	2.12	15.54	0	0	1.23	1	INDIANA	Indianapolis				
Normal Order	GSU17V47X00MKTM		Delivered	direct	No	No	No	No	5 Core Microphone Stand 3 Level Height Adjustable 24-67" W Heavy Duty Round Base Floor Mic Stands	MS RBL 3T	Black(黑色)-	MS RBL 3T	I48bnr4mzco8	sl25042995694041321	19035251578	Delivered	Stocking	Not replaced			No	2026-June-23 23:54			2026-July-03 00:59	2026-June-28 13:53	GFUS01058362577993	GWU2606244703460353	USD	23.99	0	0	2.88	21.11	0	0	2.16	1	ARKANSAS	Benton				
Normal Order	GSU17V405000WH2		Delivered	direct	No	No	No	No	5 CORE 5Core Microphone Wireless Bluetooth Karaoke Mic With Speaker	WM SPK BLK	Black(黑色)-	WM SPK BLK	I14pnvtrhgdi	se25050403712212187	19034550413	Delivered	Stocking	Not replaced			No	2026-June-23 22:21			2026-July-03 00:59	2026-June-26 09:34	GFUS01058363561280	GWU2606244735375361	USD	10.44	0	0	0.84	9.6	0	0	0.68	1	OHIO	West Chester				
Normal Order	GSU17V43W000W1D		Delivered	direct	No	No	No	No	5 CORE 5Core Tripod Mic Stand 2Pcs Adjustable Holder Floor Microphone Boom Arm	MS 080 2PCS	Red(红色)-	MS 080 RED 2PC	I75cqra4c4cj	sl25053159348799187	19030925418	Delivered	Stocking	Not replaced			No	2026-June-23 17:11			2026-July-03 00:59	2026-June-26 08:11	GFUS01058362705923	GWU2606244707520514	USD	29.99	0	0	3.6	26.39	0	0	2.62	1	ILLINOIS	Rockford				
Normal Order	GSU17V59C000F7R		Delivered	direct	No	No	No	No	5 Core Megaphone 30W Bull Horn PA Speaker W 800Yard Range	6R	White(白色)-	6R	I18ea0hs9oqy	se25050433167929536	19030189428	Delivered	Stocking	Not replaced			No	2026-June-23 15:57			2026-July-03 00:59	2026-June-28 08:42	GFUS01058362841090	GWU2606244711980032	USD	15.19	0	0	1.22	13.97	0	0	0.96	1	CONNECTICUT	Bethel				
Normal Order	GSU17V56U001RHP		Delivered	direct	No	No	No	No	5 CORE 5Core Sheet Music Stand Height Adjustable Foldable Bookstand	MUS FLD HD ACC PNK	Pink(粉色)-	MUS FLD HD ACC PNK	I48a4rnok5kr	sl25042917011091000	19029802143	Delivered	Stocking	Not replaced			No	2026-June-23 15:19			2026-July-03 00:59	2026-June-27 14:43	GFUS01058363041089	GWU2606244726329344	USD	23.99	0	0	2.88	21.11	0	0	1.44	1	KENTUCKY	Lexington				
Normal Order	GSU17V262001KN2		Delivered	direct	No	No	No	No	5 CORE 5Core Mic Stand Floor Adjustable Microphone Boom Arm	MS DBL G RED	Red(红色)-	MS DBL G RED	I28fbmclhdah	sl25042983530863535	19028904148	Delivered	Stocking	Not replaced			No	2026-June-23 13:48			2026-July-03 00:59	2026-June-30 09:31	9334610990150185788902	GWU2606244843312129	USD	17.66	0	0	2.12	15.54	0	0	1.24	1	MISSISSIPPI	Meridian				
Normal Order	GSU17V560001XAT		Delivered	direct	No	No	No	No	5 CORE 5Core Megaphone 15W Bull Horn Kid PA Speaker 400 Yard Range	HW 1 SKY BLU	Blue(蓝色)-	HW 1 SKY BLU	I58ea9p0kkkz	se25050407700933067	19026505478	Delivered	Stocking	Not replaced			No	2026-June-23 09:51			2026-July-03 00:59	2026-June-27 08:08	92001902673388000028536480	GWU2606240746066947	USD	11.39	0	0	0.91	10.48	0	0	0.8	1	INDIANA	Muncie				
Normal Order	GSU17J17Q00NHJH		Delivered	direct	No	No	No	No	5 CORE 5Core Microphone Wireless Bluetooth Karaoke Mic With Speaker	WM SPK BLK	Black(黑色)-	WM SPK BLK	I14pnvtrhgdi	se25050403712212187	19020561708	Delivered	Stocking	Not replaced			No	2026-June-22 19:34			2026-July-02 00:59	2026-June-29 15:43	92001902673388000027811229	GWU2606235633086464	USD	10.44	0	0	0.84	9.6	0	0	0.84	1	MINNESOTA	Apple Valley				
Normal Order	GSU17J224001DMJ		Delivered	direct	No	No	No	No	5 CORE Soporte de micrófono de altura ajustable de mesa de 7,5 a 12 pulgadas, trípode de sobremesa, soporte portátil de escritorio, incluye pinza universal para micrófono - MS MINI TRI CH	MS MINI TRI CH	Black(黑色)-	MS MINI TRI CH	I18dio71sgk6	sl25050321223244100	19019651538	Delivered	Stocking	Not replaced			No	2026-June-22 18:24			2026-July-02 00:59	2026-June-27 08:31	GFUS01058210190401	GWU2606235497163778	USD	8.54	0	0	1.02	7.52	0	0	0.76	1	NEW YORK	New York				
Normal Order	GSU17J61U000M4E		Delivered	direct	No	No	No	No	5 Core Speaker Stand Adjustable 31 To 54" PA DJ Tripod Stands Heavy Duty W 35mm Insert 132 Lbs	SS HD 1 PK 4.5 FT RED WOB	Red(红色)-	SS HD 1 PK 4.5 FT RED WOB	I282et8fjgdy	sl25092334699984283	19017127373	Delivered	Stocking	Not replaced			No	2026-June-22 14:32			2026-July-02 00:59	2026-June-29 09:21	92346902673388000013298272	GWU2606235632233474	USD	16.97	0	0	2.04	14.93	0	0	1.15	1	TEXAS	Sandia				
Normal Order	GSU17J21M00MNRJ		Delivered	direct	No	No	No	No	5 CORE Micrófono portátil BT 2 2 piezas, micrófono portátil todo en 1 con grabadora de altavoz Microfono Inalambrico - WM SPK PNK+BLU	WM SPK PNK+BLU	PINK AND BLUE(粉色和蓝色)-	WM SPK PNK+BLU	I38e9y3aa803	se25050439269136358	19015176168	Delivered	Stocking	Not replaced			No	2026-June-22 11:17			2026-July-02 00:59	2026-June-27 12:25	GFUS01058210314624	GWU2606235497165825	USD	15.89	0	0	1.27	14.62	0	0	1.58	1	OKLAHOMA	Pryor				
Normal Order	GSU17H569000JH7		Delivered	direct	No	No	No	No	5 CORE Soporte de altavoz de trípode de pie ajustable de hasta 182,9 cm (72 pulgadas) para estudio de DJ, montaje en poste - SS 1PK BLK WOB	SS ECO 1PK BLK WoB	Black(黑色)-	SS ECO 1PK BLK WoB	I28h10yz2s0z	sl25050317361382280	19012667303	Delivered	Stocking	Not replaced			No	2026-June-22 05:47			2026-July-02 00:59	2026-June-27 09:15	GFUS01058210365441	GWU2606235497100290	USD	18.69	0	0	2.24	16.45	0	0	1.66	1	NEW YORK	Maspeth				
Normal Order	GSU17H45500M04E		Delivered	direct	No	No	No	No	5 CORE 5Core Microphone Wireless Bluetooth Karaoke Mic With Speaker	WM SPK BLK	Black(黑色)-	WM SPK BLK	I14pnvtrhgdi	se25050403712212187	19010385713	Delivered	Stocking	Not replaced			No	2026-June-21 21:59			2026-July-01 00:59	2026-June-26 08:08	GFUS01058000438401	GWU2606224473352193	USD	10.44	0	0	0.84	9.6	0	0	1.02	1	TENNESSEE	Smyrna				
Normal Order	GSU17H33T001P8Y		Delivered	direct	No	No	No	No	5 Core Sheet Music Stand Foldable Adjustable Bookstand	MUS FLD BLK	Black(黑色)-	MUS FLD BLK	I88a4r34vg7n	sl25042982123074777	19009320688	Delivered	Stocking	Not replaced			No	2026-June-21 20:39			2026-July-01 00:59	2026-June-26 09:02	GFUS01058000505986	GWU2606224473355264	USD	15.51	0	0	1.86	13.65	0	0	0.99	1	CONNECTICUT	New Britain				
Normal Order	GSU17L53Y000T63		Delivered	direct	No	No	No	No	5 CORE Capo de guitarra de 5 cuerdas, cambio rápido, clip para cuerdas de instrumentos acústicos, eléctricos, banjo, mandolina o ukulele, color negro	CAPO AL BLK 2PCS	Black(黑色)-	CAPO AL BLK 2PCS	I9mokirls061ru	sh260430043570504526530	18987980288	Delivered	Stocking	Not replaced			No	2026-June-20 01:12			2026-July-01 00:59	2026-June-25 09:54	GFUS01057660317698	GWU2606204936951809	USD	9.02	0	0	1.08	7.94	0	0	0.96	1	WASHINGTON	Everett				
Normal Order	GSU17L25U000EJU		Delivered	direct	No	No	No	No	5 CORE 5Core Microphone Stand Floor Adjustable Boom Arm	MS 080 WH	White(白色)-	MS 080 WH	I08bt7a36dre	sl25042900807637044	18982291708	Delivered	Stocking	Not replaced			No	2026-June-19 14:51			2026-July-01 00:59	2026-June-25 09:12	GFUS01057660391425	GWU2606204934592514	USD	17.84	0	0	2.14	15.7	0	0	0	1	NEW HAMPSHIRE	Manchester				
Normal Order	GSU17L01U001U4C		Delivered	direct	No	No	No	No	5 CORE Megáfono de toro de 30W, altavoz potente con un rango de 800 yardas, megáfono portátil con control de volumen, función de grabación, sirena y bocina para niños y adultos, ideal para animadoras, fútbol y prácticas al aire libre - 6R	6R	White(白色)-	6R	I18ea0hs9oqy	se25050433167929536	18982229353	Delivered	Stocking	Not replaced			No	2026-June-19 14:45			2026-July-01 00:59	2026-June-24 08:36	GFUS01057660490882	GWU2606204934525953	USD	15.19	0	0	1.22	13.97	0	0	1.06	1	FLORIDA	Doral				
Normal Order	GSU17L12U000AYR		Delivered	direct	No	No	No	No	5 Core Megaphone 30W Bull Horn PA Speaker W 800Yard Range	6R	White(白色)-	6R	I18ea0hs9oqy	se25050433167929536	18982206718	Delivered	Stocking	Not replaced			No	2026-June-19 14:43			2026-July-01 00:59	2026-June-23 07:25	92346902673388000010445730	GWU2606210699590657	USD	15.19	0	0	1.22	13.97	0	0	1.06	1	NORTH CAROLINA	Robbins				
Normal Order	GSU17L612001LJE		Delivered	direct	No	No	No	No	5 Core Bass Guitar 5 Strings Set Light Gauge Bright Tone	GS EL BSS 5PCS	Silver(银色)-	GS EL BSS 5PCS	I18hm1zpmlai	sl25050825252098158	18981715098	Delivered	Stocking	Not replaced			No	2026-June-19 13:57			2026-July-01 00:59	2026-June-25 07:42	92001902673388000022437691	GWU2606210701425666	USD	8.72	0	0	1.05	7.67	0	0	0.61	1	FLORIDA	Milton				
Normal Order	GSU17K46F00NHLF		Delivered	direct	No	No	No	No	5 CORE 5Core Megaphone 15W Bull Horn Kid PA Speaker 400 Yard Range	HW 1 SKY BLU	Blue(蓝色)-	HW 1 SKY BLU	I58ea9p0kkkz	se25050407700933067	18978365823	Delivered	Stocking	Not replaced			No	2026-June-19 08:39			2026-July-01 00:59	2026-June-26 11:07	GFUS01057660608512	GWU2606204933608451	USD	11.99	0	0	0.96	11.03	0	0	0.75	1	TEXAS	Donna				
Normal Order	GSU17K408001TF7		Delivered	direct	No	No	No	No	5 CORE 5Core Microphone Wireless Bluetooth Karaoke Mic With Speaker	WM SPK BLK	Black(黑色)-	WM SPK BLK	I14pnvtrhgdi	se25050403712212187	18976566293	Delivered	Stocking	Not replaced			No	2026-June-19 02:37			2026-July-01 00:59	2026-June-22 13:15	GFUS01057484490944	GWU2606194927382532	USD	10.99	0	0	0.88	10.11	0	0	0.77	1	INDIANA	Indianapolis				
Normal Order	GSU17K366000RPV		Delivered	direct	No	No	No	No	5 Core 4 Inch Subwoofer Pair 200W Car Audio Sub Woofer 4 Ohm Deep Bass Replacement Loud Speaker	WF 4INCH	A-	WF 4INCH	I8mphah23y1mcr	sq260523025934884513257	18975290023	Delivered	Stocking	Not replaced			No	2026-June-18 22:26			2026-July-01 00:59	2026-June-22 13:50	GFUS01057484525952	GWU2606194927381506	USD	22.49	0	0	2.7	19.79	0	0	1.86	1	TEXAS	Granbury				
Normal Order	GSU17K5960004WL		Delivered	direct	No	No	No	No	5 CORE 5Core Microphone Stand Floor Adjustable With Metal Boom Arm	TBMS 80 HD	Black(黑色)-	TBMS 80 HD	I08bt6mtyqww	sl25042963038891425	18975253628	Delivered	Stocking	Not replaced			No	2026-June-18 22:22			2026-July-01 00:59	2026-June-24 12:11	GFUS01057484594433	GWU2606194927315970	USD	27.99	0	0	3.36	24.63	0	0	2.73	1	CALIFORNIA	Richmond				
Normal Order	GSU17K5960004WL		Delivered	direct	No	No	No	No	5 CORE 5Core Microphone Stand Floor Adjustable With Metal Boom Arm	TBMS 80 HD	Black(黑色)-	TBMS 80 HD	I08bt6mtyqww	sl25042963038891425	18975253633	Delivered	Stocking	Not replaced			No	2026-June-18 22:22			2026-July-01 00:59	2026-June-24 12:11	GFUS01057484594433	GWU2606194927315970	USD	27.99	0	0	3.36	24.63	0	0	2.73	1	CALIFORNIA	Richmond				
Normal Order	GSU17K23Q00MM5J		Delivered	direct	No	No	No	No	5 CORE 5Core Mic Stand Floor Adjustable Microphone Boom Arm	MS DBL G RED	Red(红色)-	MS DBL G RED	I28fbmclhdah	sl25042983530863535	18973409123	Delivered	Stocking	Not replaced			No	2026-June-18 19:57			2026-July-01 00:59	2026-June-23 12:26	GFUS01057484670210	GWU2606194927318018	USD	18.59	0	0	2.23	16.36	0	0	1.49	1	COLORADO	Wheat Ridge				
Normal Order	GSU17K274000PHM		Delivered	direct	No	No	No	No	5 Core Megaphone 30W Bull Horn PA Speaker W 800Yard Range	6R	White(白色)-	6R	I18ea0hs9oqy	se25050433167929536	18972533808	Delivered	Stocking	Not replaced			No	2026-June-18 18:53			2026-July-01 00:59	2026-June-23 09:44	GFUS01057484728320	GWU2606194927184898	USD	15.99	0	0	1.28	14.71	0	0	1.42	1	GEORGIA	Atlanta				
Normal Order	GSU17K43C0014UR		Delivered	direct	No	No	No	No	5 CORE 5Core Microphone Wireless Bluetooth Karaoke Mic With Speaker	WM SPK BLK	Black(黑色)-	WM SPK BLK	I14pnvtrhgdi	se25050403712212187	18970496608	Delivered	Stocking	Not replaced			No	2026-June-18 16:06			2026-July-01 00:59	2026-June-23 10:37	GFUS01057484770560	GWU2606194927122433	USD	10.99	0	0	0.88	10.11	0	0	0.77	1	FLORIDA	Bradenton				
Normal Order	GSU17F42R0019XV		Delivered	direct	No	No	No	No	5 CORE 5Core Microphone Wireless Bluetooth Karaoke Mic With Speaker	WM SPK BLU	Blue(蓝色)-	WM SPK BLU	I08e9xp4wmek	se25050497677133391	18963030228	Delivered	Stocking	Not replaced			No	2026-June-18 03:24			2026-July-01 00:59	2026-June-23 12:35	GFUS01057302516994	GWU2606184755219458	USD	10.99	0	0	0.88	10.11	0	0	0.82	1	FLORIDA	Jacksonville				
Normal Order	GSU17F08500NMTQ		Delivered	direct	No	No	No	No	5 CORE Capo de guitarra de 5 cuerdas, cambio rápido, clip para cuerdas de instrumentos acústicos, eléctricos, banjo, mandolina o ukelele, color negro	CAPO AL YLW 2PCS	Yellow(黄色)-	CAPO AL YLW 2PCS	I2mokjjofzab9v	sh260430045710911825468	18960445418	Delivered	Stocking	Not replaced			No	2026-June-17 21:38			2026-June-30 00:59	2026-June-23 11:16	GFUS01057302579648	GWU2606184757185536	USD	9.49	0	0	1.14	8.35	0	0	0.66	1	FLORIDA	Doral				
Normal Order	GSU17F39T0009LC		Delivered	direct	No	No	No	No	5 Core Mic Stand Floor Universal Height Adjustable Tripod Microphone Stands Holds 2 Mics W Extending Telescoping Boom Arm Foldable Portable For Studio On Stage	MS DBL G YLW	Yellow(黄色)-	MS DBL G YLW	I74n755ucsp2	sl25042927273760867	18959576678	Delivered	Stocking	Not replaced			No	2026-June-17 20:35			2026-June-30 00:59	2026-June-24 14:08	GFUS01057302676608	GWU2606184760266752	USD	13.64	0	0	1.64	12	0	0	1.26	1	CALIFORNIA	Salinas				
Normal Order	GSU17F384004GCH		Delivered	direct	No	No	No	No	5 Core 8" Subwoofer 500W Car Audio 4Ohm Sub Woofer Speaker	WF 8"-890 1PC	Black(黑色)-	WF 8"-890 1PC	I18gptnyu904	sl25050798628200090	18958992078	Delivered	Stocking	Not replaced			No	2026-June-17 19:55			2026-June-30 00:59	2026-June-24 11:42	9334610990370295123121	GWU2606190669310976	USD	17.66	0	0	2.12	15.54	0	0	1.01	1	MISSOURI	New London				
Normal Order	GSU17F08300M5BS		Delivered	direct	No	No	No	No	5 Core Megaphone 30W Bull Horn PA Speaker W 800Yard Range	6R	White(白色)-	6R	I18ea0hs9oqy	se25050433167929536	18957582333	Delivered	Stocking	Not replaced			No	2026-June-17 18:12			2026-June-30 00:59	2026-June-23 08:21	GFUS01057302797441	GWU2606184764723204	USD	15.99	0	0	1.28	14.71	0	0	1.56	1	COLORADO	Commerce City				
Normal Order	GSU17F08300M5BS		Delivered	direct	No	No	No	No	5 CORE 5Core Megaphone 15W Bull Horn Kid PA Speaker 400 Yard Range	HW 1 SKY BLU	Blue(蓝色)-	HW 1 SKY BLU	I58ea9p0kkkz	se25050407700933067	18957582338	Delivered	Stocking	Not replaced			No	2026-June-17 18:12			2026-June-30 00:59	2026-June-23 08:21	GFUS01057302797441	GWU2606184764723204	USD	11.99	0	0	0.96	11.03	0	0	1.17	1	COLORADO	Commerce City				
Normal Order	GSU17B56T004CJV		Delivered	direct	No	No	No	No	5 Core Megaphone 30W Bull Horn PA Speaker W 800Yard Range	6R	White(白色)-	6R	I18ea0hs9oqy	se25050433167929536	18946728753	Delivered	Stocking	Not replaced			No	2026-June-16 21:19			2026-June-27 00:59	2026-June-21 11:07	GFUS01057120661697	GWU2606174600416258	USD	15.99	0	0	1.28	14.71	0	0	0	1	DELAWARE	Newark				
Normal Order	GSU17B06Q00NFPS		Delivered	direct	No	No	No	No	5 CORE 5Core Microphone Wireless Bluetooth Karaoke Mic With Speaker	WM SPK BLU	Blue(蓝色)-	WM SPK BLU	I08e9xp4wmek	se25050497677133391	18945635363	Delivered	Stocking	Not replaced			No	2026-June-16 20:01			2026-June-27 00:59	2026-June-21 06:23	GFUS01057120938368	GWU2606174607361025	USD	10.99	0	0	0.88	10.11	0	0	1.1	1	ILLINOIS	Bridgeview				
Normal Order	GSU17B06Q00NFPS		Delivered	direct	No	No	No	No	5 CORE 5Core Microphone Wireless Bluetooth Karaoke Mic With Speaker	WM SPK BLU	Blue(蓝色)-	WM SPK BLU	I08e9xp4wmek	se25050497677133391	18945635368	Delivered	Stocking	Not replaced			No	2026-June-16 20:01			2026-June-27 00:59	2026-June-21 06:23	GFUS01057120938368	GWU2606174607361025	USD	10.99	0	0	0.88	10.11	0	0	1.09	1	ILLINOIS	Bridgeview				
Normal Order	GSU17B06Q00NFPS		Delivered	direct	No	No	No	No	5 CORE 5Core Microphone Wireless Bluetooth Karaoke Mic With Speaker	WM SPK BLU	Blue(蓝色)-	WM SPK BLU	I08e9xp4wmek	se25050497677133391	18945635373	Delivered	Stocking	Not replaced			No	2026-June-16 20:01			2026-June-27 00:59	2026-June-21 06:23	GFUS01057120938368	GWU2606174607361025	USD	10.99	0	0	0.88	10.11	0	0	1.1	1	ILLINOIS	Bridgeview				
Normal Order	GSU17B06Q00NFPS		Delivered	direct	No	No	No	No	5 CORE 5Core Microphone Wireless Bluetooth Karaoke Mic With Speaker	WM SPK BLU	Blue(蓝色)-	WM SPK BLU	I08e9xp4wmek	se25050497677133391	18945635378	Delivered	Stocking	Not replaced			No	2026-June-16 20:01			2026-June-27 00:59	2026-June-21 06:23	GFUS01057120938368	GWU2606174607361025	USD	10.99	0	0	0.88	10.11	0	0	1.1	1	ILLINOIS	Bridgeview				
Normal Order	GSU17B06Q00NFPS		Delivered	direct	No	No	No	No	5 CORE 5Core Microphone Wireless Bluetooth Karaoke Mic With Speaker	WM SPK BLU	Blue(蓝色)-	WM SPK BLU	I08e9xp4wmek	se25050497677133391	18945635383	Delivered	Stocking	Not replaced			No	2026-June-16 20:01			2026-June-27 00:59	2026-June-21 06:23	GFUS01057120938368	GWU2606174607361025	USD	10.99	0	0	0.88	10.11	0	0	1.1	1	ILLINOIS	Bridgeview				
Normal Order	GSU17B06Q00NFPS		Delivered	direct	No	No	No	No	5 CORE 5Core Microphone Wireless Bluetooth Karaoke Mic With Speaker	WM SPK BLU	Blue(蓝色)-	WM SPK BLU	I08e9xp4wmek	se25050497677133391	18945635388	Delivered	Stocking	Not replaced			No	2026-June-16 20:01			2026-June-27 00:59	2026-June-21 06:23	GFUS01057120938368	GWU2606174607361025	USD	10.99	0	0	0.88	10.11	0	0	1.1	1	ILLINOIS	Bridgeview				
Normal Order	GSU17B06Q00NFPS		Delivered	direct	No	No	No	No	5 CORE 5Core Microphone Wireless Bluetooth Karaoke Mic With Speaker	WM SPK BLU	Blue(蓝色)-	WM SPK BLU	I08e9xp4wmek	se25050497677133391	18945635393	Delivered	Stocking	Not replaced			No	2026-June-16 20:01			2026-June-27 00:59	2026-June-21 06:23	GFUS01057120938368	GWU2606174607361025	USD	10.99	0	0	0.88	10.11	0	0	1.1	1	ILLINOIS	Bridgeview				
Normal Order	GSU17B06Q00NFPS		Delivered	direct	No	No	No	No	5 CORE 5Core Microphone Wireless Bluetooth Karaoke Mic With Speaker	WM SPK BLU	Blue(蓝色)-	WM SPK BLU	I08e9xp4wmek	se25050497677133391	18945635398	Delivered	Stocking	Not replaced			No	2026-June-16 20:01			2026-June-27 00:59	2026-June-21 06:23	GFUS01057120938368	GWU2606174607361025	USD	10.99	0	0	0.88	10.11	0	0	1.1	1	ILLINOIS	Bridgeview				
Normal Order	GSU17B06Q00NFPS		Delivered	direct	No	No	No	No	5 CORE 5Core Microphone Wireless Bluetooth Karaoke Mic With Speaker	WM SPK BLU	Blue(蓝色)-	WM SPK BLU	I08e9xp4wmek	se25050497677133391	18945635403	Delivered	Stocking	Not replaced			No	2026-June-16 20:01			2026-June-27 00:59	2026-June-21 06:23	GFUS01057120938368	GWU2606174607361025	USD	10.99	0	0	0.88	10.11	0	0	1.1	1	ILLINOIS	Bridgeview				
Normal Order	GSU17B06Q00NFPS		Delivered	direct	No	No	No	No	5 CORE 5Core Microphone Wireless Bluetooth Karaoke Mic With Speaker	WM SPK BLU	Blue(蓝色)-	WM SPK BLU	I08e9xp4wmek	se25050497677133391	18945635408	Delivered	Stocking	Not replaced			No	2026-June-16 20:01			2026-June-27 00:59	2026-June-21 06:23	GFUS01057120938368	GWU2606174607361025	USD	10.99	0	0	0.88	10.11	0	0	1.1	1	ILLINOIS	Bridgeview				
Normal Order	GSU17B01W001G6D		Delivered	direct	No	No	No	No	5 CORE 5Core Microphone Wireless Bluetooth Karaoke Mic With Speaker	WM SPK BLU	Blue(蓝色)-	WM SPK BLU	I08e9xp4wmek	se25050497677133391	18943285408	Delivered	Stocking	Not replaced			No	2026-June-16 17:00			2026-June-27 00:59	2026-June-21 15:24	GFUS01057121004674	GWU2606174609522689	USD	10.99	0	0	0.88	10.11	0	0	0.98	1	NEW YORK	New York				
Normal Order	GSU17B01W001G6D		Delivered	direct	No	No	No	No	5 CORE 5Core Microphone Wireless Bluetooth Karaoke Mic With Speaker	WM SPK BLU	Blue(蓝色)-	WM SPK BLU	I08e9xp4wmek	se25050497677133391	18943285413	Delivered	Stocking	Not replaced			No	2026-June-16 17:00			2026-June-27 00:59	2026-June-21 15:24	GFUS01057121004674	GWU2606174609522689	USD	10.99	0	0	0.88	10.11	0	0	0.97	1	NEW YORK	New York				
Normal Order	GSU17B32C000M88		Delivered	direct	No	No	No	No	5 CORE Pedal de bombo de 5 núcleos con montaje ajustable, cabezal de batidor de fieltro, cadena simple, pedal de pie para bombo de alta resistencia	DFP 05	Black(黑色)-	DFP 05	I5mphd2vqk34z4	sh260523040929386294795	18942355198	Delivered	Stocking	Not replaced			No	2026-June-16 15:33			2026-June-27 00:59	2026-June-22 09:44	9334610990370294775987	GWU2606174836411395	USD	29.99	0	0	3.6	26.39	0	0	2.1	1	FLORIDA	Miami				
Normal Order	GSU17B50000N0PP		Delivered	direct	No	No	No	No	5 Core Music Stand Adjustable Desktop Book Stands Portable Sheet Holder All Metal Foldable Bookstand	MUS FLD 4S BLK WLGT	Black(黑色)-	MUS FLD 4S BLK WLGT	I9mmwetl5a6v87	sh260319030332414937663	18938641403	Delivered	Stocking	Not replaced			No	2026-June-16 09:42			2026-June-27 00:59	2026-June-21 10:55	GFUS01057121118210	GWU2606174613258240	USD	16.48	0	0	1.98	14.5	0	0	1.36	1	TEXAS	Tyler				
Normal Order	GSU17A42Q00MPCF		Shipped	direct	No	No	No	No	5 CORE 5Core Microphone Wireless Bluetooth Karaoke Mic With Speaker	WM SPK BLK	Black(黑色)-	WM SPK BLK	I14pnvtrhgdi	se25050403712212187	18932575608	Shipped	Stocking	Not replaced			No	2026-June-15 19:27			2026-June-26 00:59		92001902673388000014219175	GWU2606165360041984	USD	10.99	0	0	0.88	10.11	0	0	0.77	1	GEORGIA	Richmond Hill				
Normal Order	GSU17A15400W8MT		Delivered	direct	No	No	No	No	5 Core Megaphone 30W Bull Horn PA Speaker W 800Yard Range	8R-USB WoB	White(白色)-	8R-USB WoB	I08ea9tp3kri	se25050440720216001	18932309193	Delivered	Stocking	Not replaced			No	2026-June-15 19:08			2026-June-26 00:59	2026-June-20 15:26	GFUS01056951713088	GWU2606164855800832	USD	16.99	0	0	1.36	15.63	0	0	1.36	1	ALABAMA	Birmingham				
Normal Order	GSU17A25C00NFXS		Delivered	direct	No	No	No	No	5 Core Megaphone 30W Bull Horn PA Speaker W 800Yard Range	6R	White(白色)-	6R	I18ea0hs9oqy	se25050433167929536	18930105208	Delivered	Stocking	Not replaced			No	2026-June-15 16:08			2026-June-26 00:59	2026-June-20 16:23	92346902673388000006530679	GWU2606165358403587	USD	15.99	0	0	1.28	14.71	0	0	0.85	1	KANSAS	Wichita				
Normal Order	GSU17A23U001RAN		Delivered	direct	No	No	No	No	5 CORE 5Core Microphone Wireless Bluetooth Karaoke Mic With Speaker	WM SPK BLK	Black(黑色)-	WM SPK BLK	I14pnvtrhgdi	se25050403712212187	18929467538	Delivered	Stocking	Not replaced			No	2026-June-15 15:10			2026-June-26 00:59	2026-June-21 07:43	GFUS01056951064769	GWU2606164840725507	USD	10.99	0	0	0.88	10.11	0	0	0.66	1	PENNSYLVANIA	North Wales				
Normal Order	GSU17A02N001L92		Delivered	direct	No	No	No	No	5 CORE 5Core Megaphone 15W Bull Horn Kid PA Speaker 400 Yard Range	HW 1 SKY BLU	Blue(蓝色)-	HW 1 SKY BLU	I58ea9p0kkkz	se25050407700933067	18927395223	Delivered	Stocking	Not replaced			No	2026-June-15 11:57			2026-June-26 00:59	2026-June-20 04:34	GFUS01056824666112	GWU2606160790718467	USD	11.99	0	0	0.96	11.03	0	0	0.9	1	NORTH CAROLINA	Durham				
Normal Order	GSU17A02N001L92		Delivered	direct	No	No	No	No	5 CORE 5Core Sheet Music Stand Height Adjustable Foldable Bookstand	MUS FLD HD ACC PNK	Pink(粉色)-	MUS FLD HD ACC PNK	I48a4rnok5kr	sl25042917011091000	18927395228	Delivered	Stocking	Not replaced			No	2026-June-15 11:57			2026-June-26 00:59	2026-June-20 04:34	GFUS01056824626306	GWU2606160790784002	USD	27.99	0	0	3.36	24.63	0	0	2.1	1	NORTH CAROLINA	Durham				
Normal Order	GSU17920F00MQ70		Delivered	direct	No	No	No	No	5 CORE 5Core Microphone Wireless Bluetooth Karaoke Mic With Speaker	WM SPK BLU	Blue(蓝色)-	WM SPK BLU	I08e9xp4wmek	se25050497677133391	18925654168	Delivered	Stocking	Not replaced			No	2026-June-15 09:11			2026-June-26 00:59	2026-June-22 07:31	92001902673388000012700903	GWU2606160795245569	USD	10.99	0	0	0.88	10.11	0	0	0.79	1	OHIO	Crooksville				
Normal Order	GSU17948F00NQ3W		Delivered	direct	No	No	No	No	5 CORE 5Core Megaphone 15W Bull Horn Kid PA Speaker 400 Yard Range	HW 1 SKY BLU	Blue(蓝色)-	HW 1 SKY BLU	I58ea9p0kkkz	se25050407700933067	18925403328	Delivered	Stocking	Not replaced			No	2026-June-15 08:44			2026-June-26 00:59	2026-June-24 10:15	GFUS01056824498560	GWU2606160790658050	USD	11.99	0	0	0.96	11.03	0	0	0.99	1	TEXAS	Galveston				
Normal Order	GSU17911S00011A		Delivered	direct	No	No	No	No	5 Core Conga Mic Snare Tom Set Professional XLR Cardioid Unidirectional Instrument Microphone Kit	CONGO 3 GREY	Grey(灰色)	CONGO 3 GREY	I3mphc3r0kp2zt	se260523034507762613811	18924076628	Delivered	Stocking	Not replaced			No	2026-June-15 05:20			2026-June-26 00:59	2026-June-20 07:30	GFUS01056786131136	GWU2606155218204675	USD	59.99	0	0	4.8	55.19	0	0	3.6	1	VIRGINIA	Richmond				