Date	Goods ID	Goods Name	Product impressions	Number of visitor impressions of the product	Product clicks	Number of visitor clicks on the product	CTR
2026-07-27	602875421949566	5 Core Microphone Stand Adjustable Heavy Duty Mic Stand for Studio Stage Recording and Live Performance Pack of 4	3265	2328	105	84	3.22%
2026-07-27	602600544010022	5 Core Microphone Stand Adjustable Heavy Duty Mic Stand for Studio Stage Recording and Live Performance Pack of 2	8767	6498	166	138	1.89%
2026-07-27	602360394940394	5 Core 6.5" Mid-Range Replacement Pro Audio Car Speaker Aluminum Super Tweeters	3763	2717	115	105	3.06%
2026-07-27	602871496055333	5 Core Guitar Stand A Frame w Soft Foam Arm Non Slip Rubber for Acoustic Electric Bass Ukulele	16796	11568	193	165	1.15%
2026-07-27	602360394948576	5 Core Speaker Stand Adjustable 61" Heavy Duty PA DJ Tripod Studio Monitor Stands	209	110	12	10	5.74%
2026-07-27	602223660623512	5 Core Music Stand Adjustable 57" Desktop Book Stands Portable Sheet Holder All Metal Foldable Bookstand w Carrying Bag & Clip Black	5299	3769	117	78	2.21%
2026-07-27	603047589706024	5 Core Mic Stand Floor Height Adjustable Universal Heavy Weight Microphone Stands Round Base	3007	2102	110	85	3.66%
2026-07-27	602305265028758	5 Core DJ Light Stand & T-Bar Mount Height Adjustable Heavy Duty Tripod Stage Lighting Support System	188	151	9	9	4.79%
2026-07-27	603193249514220	5 Core Speaker Stand Pair Tripod Heavy Duty Adjustable PA DJ Speaker Stands Telescoping Height up to 54 Inch Universal 35mm Mount for Stage Studio Events	4208	3259	159	125	3.78%
2026-07-27	602291675474088	5 Core Guitar Stand Adjustable Double Guitars Stands Floor w Neck Holder for Acoustic Electric Bass	5449	4052	47	38	0.86%
2026-07-27	602347510048862	5 Core Speaker Stand Tripod Heavy Duty Adjustable 72" Universal Mount for PA DJ Studio w Bag	5967	4486	154	118	2.58%
2026-07-27	602875421909482	5 Core Keyboard Stand 2 Tier Column for 61/76/88 Key Board DJ Controller Stands for Electric Digital Midi Pianos	1398	983	60	50	4.29%
2026-07-27	603206503509266	5Core Capo 4Pcs Acoustic Electric Guitar 6 String Kapo Clip For Banjo Mandolin Ukulele	15020	12167	212	194	1.41%
2026-07-27	610148068206027	5 Core 4 Inch Subwoofer Pair 200W Car Audio Sub Woofer 4 Ohm Deep Bass Replacement Loud Speaker	9713	6859	319	282	3.28%
2026-07-27	602982359923480	5 Core Projector Stand Floor Adjustable Universal Projectors Support for Home Office & Studio	2545	1977	81	66	3.18%
2026-07-27	602266610334363	5 Core 2-Way Coaxial Car Door Speakers with Tweeter, Stereo Audio Component Driver (Multiple Sizes Available)	4528	3420	106	97	2.34%
2026-07-27	610154510690714	5Core Guitar Wall Mount Hanger Adjustable Display Wall Hook Holder Hard Wood Base	5150	3986	80	73	1.55%
2026-07-27	602653157334729	5 Core Double Guitar Stand A-Frame Design with Soft Foam Arms and Non-Slip Rubber Supports for Acoustic, Electric, Bass, Ukulele & Banjo	1388	1027	26	20	1.87%
2026-07-27	602875421884798	5 Core Speaker Stand Tripod Heavy Duty Adjustable Pair for PA DJ Stage & Event Telescoping Height up to 72″ Universal 35 mm Mount Pack of 2	3937	2910	144	106	3.66%
2026-07-27	602643493656383	5 Core Speaker Wall Mount Pair Adjustable Dual Side Clamping Bracket for Bookshelf and Surround Speakers	1291	986	34	32	2.63%
2026-07-27	603249453150093	5 Core 8 Inch Subwoofer Car Audio Woofer Replacement Deep Bass Component Loud Speaker	558	394	38	31	6.81%
2026-07-27	602360394917802	5 Core Speaker Stand Adjustable 59.5" Heavy Duty PA DJ Studio Monitor Stands	132	99	6	3	4.55%
2026-07-27	602307781586066	5 Core Guitar Amp Stand Heavy Duty Foam Cover Arm Adjustable Low Profile Collapsible	156	127	9	6	5.77%
2026-07-27	602669263499311	5 Core Speaker Stand Tripod Heavy Duty Adjustable PA DJ Speaker Stand Telescoping Height up to 54 Inch Universal 35mm Mount for Stage Studio Events Single Stand	378	270	25	21	6.61%
2026-07-27	603137784021682	5 Core Multi Guitar Rack Stand Floor Adjustable Flying V Guitars Holder	1383	989	21	17	1.52%
2026-07-27	602429114402221	5 Core 15" Subwoofer 500W Car Audio Woofer 4 Ohm Impedance Replacement Deep Bass Sub w 60 Oz Magnet	5590	3889	224	200	4.01%
2026-07-27	610543205234934	5 Core 6.5 Inch Subwoofer 100W Car Audio Woofer 4 Ohm Impedance Replacement Deep Bass Loud Speaker	5086	3678	191	142	3.76%
2026-07-27	602588028217621	5 Core Multi Guitar Rack Stand Floor Adjustable Flying V Guitars Holder	118	91	11	6	9.32%
2026-07-27	609993449404925	5 Core Microphone Stand Adjustable Heavy Duty Mic Stand for Studio Stage Recording and Live Performance	247	151	7	7	2.83%
2026-07-27	602360394957009	5Core Snare Mic XLR Cardioid Tom Drum Kick Instrument Microphone	515	416	11	9	2.14%
2026-07-27	602547930640416	5 Core 12 Inch Car Woofer Audio 400W 4Ohm Deep Bass Replacement Subwoofer 35-2kHZ Frequency Polypropylene Cone	480	345	47	37	9.79%
2026-07-27	610268327310298	5 CORE 15x5 Rectangle Plastic Screw-On Horn for Assorted Speaker Cabinets 34mm Throat HISE 15X5 1PC	1403	1055	47	36	3.35%
2026-07-27	603048294359666	5 Core Microphone Stand Universal Floor Height Adjustable 35 to 57" Round Base Quick Setting Lock-Tight Knob w 5/8 Thread Adapter	3241	2207	90	78	2.78%
2026-07-27	603219019301169	5 Core Desk Mic Stand Height Adjustable Desktop Microphone Stands Metal Tripod Portable Foldable	3177	2440	99	80	3.12%
2026-07-27	610173838011279	5 Core 8 Inch PA Horn 250W Loud Speaker Bull Horn Loud Audio 8Ohm All Weather Indoor Outdoor Use	1703	1419	19	18	1.12%
2026-07-27	602312076590885	5 Core Speakon Adapter High Quality Audio Jack Male Audio Pin Speaker Adapter Connector	97	62	3	3	3.09%
2026-07-27	602312076550793	5 Core Speakon Adapter High Quality Audio Jack Male Audio Pin Speaker Adapter Connector	319	214	4	4	1.25%
2026-07-27	610611924708551	5 Core Passive Speaker Crossover Network Frequency Divider with Metalised Polyester Capacitors and Air Core Coils for Audio Speakers	2927	2408	98	87	3.35%
2026-07-27	610268327281626	5 Core Guitar Stand Floor Adjustable with Neck Holder Heavy Duty Universal Support for Acoustic, Electric, Classical & Bass Guitars	186	135	8	5	4.30%
2026-07-27	602875421933136	5 Core Professional Dynamic Vocal Microphone Neodymium Cardioid Unidirectional Handheld Mic for Singing with Cable Clip and Carry Bag	699	561	15	15	2.15%
2026-07-27	609959089688580	5 Core European Travel Plug Adapter w 2 USB Ports Universal Adopter for International Power Outlet	516	365	17	15	3.29%
2026-07-27	602305265021976	5 Core Passive Crossover Network Frequency Divider with Metalised Polyester Capacitors	1607	1289	58	50	3.61%
2026-07-27	602875421938828	5 Core Acoustic Guitar Strings Heavy Duty High Carbon Steel Core Bright Powerful Tone for Acoustic Guitar	534	400	12	10	2.25%
2026-07-27	603193249477640	5 Core 4 Pole Speakon Connector Twist Lock Audio Speaker Plug Male 4 Conductor Cable Adapter for Speaker to Amplifier Connection	3729	2976	73	68	1.96%
2026-07-27	610749363673065	5 Core Compression Driver Replacement Diapagm for PA Speaker Horn Tweeter Voice Coil – Compatible Audio Repair Part	2891	2397	66	64	2.28%
2026-07-27	610818083150661	5Core Alligator Clips Electrical Metal Battery Jumper Clamps nsulated Gator Clip	853	713	12	10	1.41%
2026-07-27	603149226092232	5 Core Guitar Capo for Acoustic & Electric Guitar Quick Change Kapo for 6 String Banjo Mandolin & Ukulele Fast Clip On	1405	1030	23	19	1.64%
2026-07-27	610749363623670	5 Core Compression Driver Replacement Diapagm for PA Speaker Horn Tweeter Voice Coil – Compatible Audio Repair Part	1212	969	17	15	1.40%
2026-07-27	602273052726686	5 Core 12 Inch Car Subwoofer Speaker 1200W Deep Bass Audio Replacement Loud Woofer with 40–3.5kHz Frequency Response and 1.5" Voice Coil	0	0	0	0	0.00%
2026-07-27	602291675444021	5Core DJ Mixer Stand Adjustable Rack Mount Rolling Stage Cart Pro Audio Studio Equipment w Wheel	356	288	3	2	0.84%
2026-07-27	602291675473945	5 Core Guitar Stand 2 Pack A Frame w Soft Foam Arm Non Slip Rubber for Acoustic Electric Bass	378	290	6	6	1.59%
2026-07-27	602299896285667	5 Core Double Microphone Stand Adjustable Dual Mic Holder with Stable Base for Studio Stage and Recording Pack of 2	241	182	12	9	4.98%
2026-07-27	602305265014564	5 Core Compression Driver Replacement Diapagm for PA Speaker Horn Tweeter Voice Coil – Compatible Audio Repair Part	0	0	0	0	0.00%
2026-07-27	602312076558736	5 Core Speakon Adapter High Quality Audio Jack Male Audio Pin Speaker Adapter Connector	38	22	0	0	0.00%
2026-07-27	602325666072815	5 Core 8 Inch Car Subwoofer Deep Bass Audio Replacement Woofer Speaker 4 Ohm High Power Car Audio System	2	2	0	0	0.00%
2026-07-27	602325666082234	5 Core 6.5 Inch Midrange Speaker and Super Tweeter Combo Set Pro Audio Replacement Car Speaker System	172	137	7	5	4.07%
2026-07-27	602325666086670	5 Core Drum Microphone Kit 7 Piece Professional Drum Mic Set for Recording and Live Performance	16	14	1	1	6.25%
2026-07-27	602325666089124	5 Core Projector Stand 29.5 to 71 Inch Adjustable Tripod 3 Shelves Portable Laptop Cart w Phone Holder for Office Stage Studio Use	269	178	4	2	1.49%
2026-07-27	602325666099364	5 Core Speaker Stand Tripod Heavy Duty Adjustable Pair for PA DJ Stage & Event Telescoping Height up to 72″ Universal 35 mm Mount Pack of 2	30	23	2	2	6.67%
2026-07-27	602347510021748	5 Core Speaker Stand Tripod Heavy Duty Adjustable 36" Universal Mount for PA DJ Studio	20	16	3	3	15.00%
2026-07-27	602347510045623	5Core Vintage Microphone Classic Dynamic Professional XLR Studio Retro Style Mic	4	3	0	0	0.00%
2026-07-27	602361099585706	5 Core Microphone Stand Floor 2 Mic Clips Universal Height Adjustable 63" Dual Tripod Mic Stands w Telescoping Boom Arm Foldable Portable	17	16	1	1	5.88%
2026-07-27	602407002073360	5 Core Car Charger USB + Type-C Quick Charge Adapter with Smart Chip Fast Charging for Truck SUV	3	3	1	1	33.33%
2026-07-27	602421866631359	5 Core Guitar Picks 12 Piece Celluloid Light Medium Heavy Extra Heavy for Acoustic Electric Guitars	1094	811	28	25	2.56%
2026-07-27	602446998910632	5 Core 2 Tier Keyboard Stand Adjustable Dual Keyboard Support Folding Heavy Duty Piano Stand with Anti-Slip Grip and Locking System	2	1	9	3	450.00%
2026-07-27	602484949003247	5 Core Speaker Stand Tripod Pair Heavy Duty Adjustable 36" Universal Mount for PA DJ Studio w Bag	39	26	4	3	10.26%
2026-07-27	602484949003960	5 Core Music Stand Adjustable Desktop Book Stands Portable Sheet Holder All Metal Foldable Bookstand	24	16	2	1	8.33%
2026-07-27	602507128453760	5 Core Speaker Stand Adjustable Universal PA DJ Tripod Studio Monitor Stands w 35mm Insert for Home On Stage Studio Use	105	69	12	4	11.43%
2026-07-27	602527898661237	5Core Drum Practice Pad Set 12" Snare Drumming Stand Double Sided Silent Drummer Kit	239	184	5	5	2.09%
2026-07-27	602566553346598	5Core 6x9 Car Speaker Coaxial Speaker Audio w Super Tweeter Universal Fit	45	40	11	8	24.44%
2026-07-27	602600544007548	5 Core Adjustable 2-Tier Keyboard Stand Extension Adapter for 54–88 Key Electric Digital Piano, Heavy Duty Dual Keyboard Holder up to 29" Width	7	5	0	0	0.00%
2026-07-27	602620240430176	5 Core Bass Drum Pedal Mount Adjustable Felt Beater Head Single Chain Heavyduty Kick Drum Foot Pedal	43	36	5	3	11.63%
2026-07-27	602643493674485	5 Core XLR Connector Male Female to 1/4 Inch Audio Jack 3 Pin Microphone Adapter Plug with Locking Ends	1	1	0	0	0.00%
2026-07-27	602664263888730	5Core Coaxial Car Door Speakers 5” 4Pcs 350W 4Ohm 2 Way Component Subwoofer Audio w Super Tweeter	25	20	0	0	0.00%
2026-07-27	602669263468807	5 Core Adjustable 2-Tier Keyboard Stand Extension Adapter for 54–88 Key Electric Digital Piano, Heavy Duty Dual Keyboard Holder up to 29" Width	3	3	3	1	100.00%
2026-07-27	602669263471879	5 Core Speaker Stand Tripod Heavy Duty Adjustable PA DJ Speaker Stand Telescoping Height up to 54 Inch Universal 35mm Mount for Stage Studio Events Single Stand	383	283	17	10	4.44%
2026-07-27	602681879966237	5 Core Speaker Stand Adjustable 31 to 54" PA DJ Tripod Stands Heavy Duty w 35mm Insert 132 Lbs	126	92	13	10	10.32%
2026-07-27	602725467139309	5Core Instrument Microphone Professional XLR Cardioid Pencil Stick Condenser Mic	576	468	14	13	2.43%
2026-07-27	602732983335250	5 Core Guitar Stand Adjustable A Frame Shape w Rubber Pad Arms Supports Acoustic Electric Bass	84	73	0	0	0.00%
2026-07-27	602732983374788	5 Core Speaker Stand Pair Height Adjustable PA DJ Tripod Studio Monitor Stands w 35mm Insert	51	23	13	3	25.49%
2026-07-27	602772711792563	5 Core Mic Stand 3 in 1 Desktop Microphone Stands Adjustable Table Microfono Holder w Phone Clamp	110	84	0	0	0.00%
2026-07-27	602772711815962	5 Core Mic Stand 4 Pcs Floor Height Adjustable Tripod Microphone Stands w Extending Telescoping Boom Arm	40	26	0	0	0.00%
2026-07-27	602786301348297	5 Core Lavalier Microphone Omnidirectional 3.5mm Wearable Lapel Mic for Smartphone and Camera Recording	44	36	3	3	6.82%
2026-07-27	602790596330683	5 Core Guitar Stand Floor Adjustable with Neck Holder Heavy Duty Universal Support for Acoustic, Electric, Classical & Bass Guitars	1	1	1	1	100.00%
2026-07-27	602802776572168	5Core Coaxial Door Car Speakers 4” 4Pcs 2 Way Component Subwoofer Audio w Super Tweeter	23	19	0	0	0.00%
2026-07-27	602841431264921	5 Core Keyboard Stand Z Shape Adjustable Foldable Heavy Duty Key Board Piano DJ Controller Stands	1068	837	27	24	2.53%
2026-07-27	602842135935202	5 Core Mic Stand Adjustable Microphone Stands 82" Floor w 180° Rotating Extending Telescoping Metal Boom Arm Knob Tension Lock Mechanism	4	4	0	0	0.00%
2026-07-27	602861832396896	5 Core Speakon Adapter High Quality Audio Jack Male Audio Pin Speaker Adapter Connector	30	20	0	0	0.00%
2026-07-27	602870422311605	5Core Coaxial Car Door Speakers 5” Pair 350W 4Ohm 2 Way Component Subwoofer Audio w Super Tweeter	26	22	1	1	3.85%
2026-07-27	602875421905679	5 Core Floor Microphone Stand Heavy Duty Height Adjustable Mic Stand with Round Base for Studio Stage and Recording	0	0	0	0	0.00%
2026-07-27	602875421912713	5 Core Microphone Stand Adjustable Heavy Duty Mic Stand for Studio Stage Recording and Live Performance	13	12	9	3	69.23%
2026-07-27	602879012246786	5 Core Guitar Stool 3.15" Seat	1	1	0	0	0.00%
2026-07-27	602891528013797	5 Core 10 Inch Subwoofer Speaker 300W RMS Full Range Car Audio Woofer Speakers Deep Bass Replacement Component Driver	6	5	6	5	100.00%
2026-07-27	602919445347408	5 Core Speaker Stand Tripod Floor Tall Adjustable Up to 72 Inch DJ Studio Monitor Stands Pole Mount	24	19	0	0	0.00%
2026-07-27	602940215530853	5Core XLR Microphone Dynamic Mic Karaoke Singing Studio Mics Handheld Microfono	0	0	1	1	0.00%
2026-07-27	603007861250947	5 Core Tablet Floor Stand 360° Rotatable Adjustable Overhead Universal Bed Phone iPad Stand	5	4	3	2	60.00%
2026-07-27	603007861290545	5 Core keyboard Stand Adjustable Electric Digital Piano Synth Holder Heavy Duty for 54-88 Key Boards	29	25	0	0	0.00%
2026-07-27	603034704801969	5 Core Music Stand Adjustable Desktop Book Stands Portable Sheet Holder All Metal Foldable Bookstand	25	17	1	1	4.00%
2026-07-27	603094196794287	5 Core Bass Guitar Strings Brass Phosphor Bronze Extra Light Gauge Bright Tone 5 String Set	9	6	0	0	0.00%
2026-07-27	603094196815519	5Core 10 inch Slim Under Seat Car Audio Subwoofer 800W Built in Amplifier Sub Woofer Enclosure Box	13	13	2	2	15.38%
2026-07-27	603095102798214	5 Core 6 Inch Subwoofer 300W Car Audio Sub Woofer 4 Ohm Deep Bass Replacement Loud Speaker	10	10	3	2	30.00%
2026-07-27	603102350538341	5 Core Drum Throne 4" Padded Drummer Seat	1	1	0	0	0.00%
2026-07-27	603185028681725	5 Core Mic Stand Adapter 12 Pieces 5/8 Female to 3/8 Male Screw Thread Conversion Connector	561	446	20	19	3.57%
2026-07-27	603205429737031	5 Core Speakon Adapter High Quality Audio Jack Male Audio Pin Speaker Adapter Connector	77	59	1	1	1.30%
2026-07-27	603217945590443	5 Core 18" Subwoofer Speaker 1200W 8 Ohm Full Range PA DJ Pro Audio Replacement Woofer Deep Bass Component Speaker	6	5	3	3	50.00%
2026-07-27	603219019322139	5 Core Tabla Microphone Set Professional Instrument Mic Kit for Bayan Dayan Dholak Mridangam Cardioid Recording and Live Stage Use	138	109	6	2	4.35%
2026-07-27	603239789491848	5Core PA Horn Speaker Set 2" Compression Driver 600W 16 Ohm Weatherproof Aluminum Body 18 TPI Thread	147	118	21	17	14.29%
2026-07-27	603271632617661	5 Core Guitar Foot Stool Height Adjustable Folding Leg Rest Portable Classical Footrest	7	7	0	0	0.00%
2026-07-27	603271632682653	5 Core Keyboard Stand Adjustable 21 - 33" Z Style Electric Piano Riser 330Lb Capacity Foldable Sturdy Holder For 54 61 88 Keys Instruments	494	415	5	5	1.01%
2026-07-27	603282739143698	5 Core Ukulele Stand A Frame Metal Body w Soft Padded Arms Support Banjo Ukuleles Mini Guitar Violin	77	53	5	4	6.49%
2026-07-27	609896275783903	5Core 8 Inch PA Horn 250W Loud Speaker Bull Horn 8Ohm	5	5	0	0	0.00%
2026-07-27	609898960107856	5 Core 6.5 Inch Midrange Speaker 400W Aluminum Bullet 4 Ohm Pro Audio Slim Car Door Loudspeaker	23	19	0	0	0.00%
2026-07-27	609911845046135	5 Core Microphone System Dual Channel Headset and Lavalier Mic	20	15	0	0	0.00%
2026-07-27	609959089674540	5 Core Microphone Wireless Karaoke Singing Mic Rechargeable Microfonos Inalambricos w RGB Lights	14	14	0	0	0.00%
2026-07-27	609993449420174	5 Core 8 Inch Car Woofer Audio 4Pcs 1000W 4Ohm Deep Bass Subwoofer Component Loud Speaker System	2	2	1	1	50.00%
2026-07-27	610062168891055	5Core 8 Inch Car Woofer Audio Pair 2000W Combined Deep Bass Sub Woofer Component Speaker System	27	22	0	0	0.00%
2026-07-27	610105118582800	5 Core Microphone Karaoke Mic With Speaker 3 in 1 Portable BT Microfono	5	5	7	3	140.00%
2026-07-27	610119614072521	PA Horn Indoor/Outdoor Speaker	2	2	0	0	0.00%
2026-07-27	610130888329067	5 Core Microphone Stand Floor 2 Mic Clips Universal Height Adjustable 63" Dual Tripod Mic Stands w Telescoping Boom Arm Foldable Portable	56	43	1	1	1.79%
2026-07-27	610130888340269	5 Core Speaker Stand Height Adjustable 60" Heavy Duty PA DJ Tripod Studio Monitor Stands	125	93	5	5	4.00%
2026-07-27	610130888343491	5Core Gaming Mouse Pad RGB 12 Light Modes 2 Zone Desk Mouse Mat w Rubber Base	2	2	0	0	0.00%
2026-07-27	610130888348616	5Core Wireless Phone Charging Pad 15W Qi-Certified Fast Charger Mat Cargador	3	3	0	0	0.00%
2026-07-27	610130888360721	5Core Cell Phone Stand for Desk Adjustable Scissor Boom Arm Stands Tablet Cellphone	21	17	0	0	0.00%
2026-07-27	610130888372988	5Core Microphone Cover Soft Foam Mic Windscreen Windproof Sponge for Handheld Mic	686	514	12	11	1.75%
2026-07-27	610130888378712	5 Core Mic Stand Adjustable Microphone Stands 82" Floor w 180° Rotating Extending Telescoping Metal Boom Arm Knob Tension Lock Mechanism	27	22	0	0	0.00%
2026-07-27	610130888387833	5 Core Adjustable Piano Bench Thick Padded Cushion Solid Wood Keyboard Stool Heavy Duty Musician Seat for Digital Piano and Keyboard	16	12	0	0	0.00%
2026-07-27	610186722950168	5 Core Mic Stand Floor Height Adjustable 29" Short Tripod Microphone Stands w Telescoping Boom Arm	872	671	19	18	2.18%
2026-07-27	610199607830527	5 Core Loud Speaker Bull Horn Loud Audio 8Ohm All Weather Indoor Outdoor Use	61	52	0	0	0.00%
2026-07-27	610199607841046	5 Core Guitar Foot Stool Height Adjustable Folding Leg Rest Portable Classical Footrest	50	43	0	0	0.00%
2026-07-27	610257053054156	Karaoke Microphone Portable Mic with Built-in Speake	3	3	2	1	66.67%
2026-07-27	610268327292770	5 Core Drum Microphone Kit 9 Piece Professional Drum Mic Set for Studio and Stage	13	10	0	0	0.00%
2026-07-27	610268327302205	5 Core Drum Throne w Backrest 4" Padded Stool Airlift 25" Adjustable Drummer Stool 441Lb Capacity	52	34	0	0	0.00%
2026-07-27	610268327314675	5 Core Drum Throne 4" Thick Padded Guitar Stool 400Lb Capacity Drummer Chair Swivel Adjustable	46	41	0	0	0.00%
2026-07-27	610268327329607	5 Core Drum Throne 5" Padded Guitar Stool Adjustable 310lbs Capacity Heavy Duty Seat w Velvet Top	7	6	0	0	0.00%
2026-07-27	610268327340112	5 Core Microphone Dynamic Vocal Handheld Mic Cardioid Singing Karaok Microfono w On Off Switch	3	3	0	0	0.00%
2026-07-27	610268327341156	5 Core Adjustable 2-Tier Keyboard Stand Extension Adapter for 54–88 Key Electric Digital Piano, Heavy Duty Dual Keyboard Holder up to 29" Width	32	26	1	1	3.13%
2026-07-27	610268327342891	5 Core Adjustable 2-Tier Keyboard Stand Extension Adapter for 54–88 Key Electric Digital Piano, Heavy Duty Dual Keyboard Holder up to 29" Width	56	50	0	0	0.00%
2026-07-27	610337046771700	5 Core 8" Subwoofer Speaker Pair 500W Mid Range Car Audio Sub Woofer 4Ohm or 80Ohm Bass Replacement Driver	30	19	1	1	3.33%
2026-07-27	610337046788652	5Core 10 inch Slim Under Seat Car Audio Subwoofer 800W Built in Amplifier Sub Woofer Enclosure Box	466	336	18	13	3.86%
2026-07-27	610337046799087	5 Core Wireless Microphone System Dual Channel Headset and Lavalier Mic with Receiver for Stage Teaching Karaoke	1	1	0	0	0.00%
2026-07-27	610349931670818	5Core Gaming Mouse Pad RGB 12 Light Modes 2 Zone Desk Mouse Mat	1	1	0	0	0.00%
2026-07-27	610405766265260	5Core Outdoor Speakers Stereo In Wall 100W Peak Passive Home Audio System	5	5	0	0	0.00%
2026-07-27	610405766276409	5 Core XLR Connector Male Female to 1/4 Inch Audio Jack 3 Pin Microphone Adapter Plug with Locking Ends	325	258	9	9	2.77%
2026-07-27	610435831068522	5 Core 12 Inch PA Horn 350W Loud Speaker Bull Horn Loud Audio 8Ohm	17	13	0	0	0.00%
2026-07-27	610446031562732	5 Core 13.5 Inch PA Horn 350W Loud Speaker 8Ohm	12	10	0	0	0.00%
2026-07-27	610461600864933	5 Core Microphone Karaoke Singing Mic	15	11	1	1	6.67%
2026-07-27	610461600870745	5Core Microphone System w 2 Headset Mini + Receiver Mics	20	16	1	1	5.00%
2026-07-27	610530320289004	5Core Outdoor Speakers 100W Audio System for Walls	17	13	2	2	11.76%
2026-07-27	610543205192563	5 Core 15 Inch Guitar Speaker Replacement Low Distortion for Electric Guitar Amp Cabinet	31	21	1	1	3.23%
2026-07-27	610543205250288	5 Core 12 Inch Guitar Speaker Replacement Amplifier Cabinet Driver	29	20	1	1	3.45%
2026-07-27	610611924707735	5 Core Lavalier Microphone Omnidirectional 3.5mm Wearable Lapel Mic for Smartphone and Camera Recording	34	27	0	0	0.00%
2026-07-27	610617830260746	Handheld Karaoke Dynamic Microphone	4	3	0	0	0.00%
2026-07-27	610626957086103	5 Core USB Car Charger Cigarette Lighter Adapter Dual USB Port Fast Charging	382	337	4	3	1.05%
2026-07-27	610669369877014	5 Core 6.5 Inch Subwoofer Car Audio 4Ohm Sub Woofer	1	1	0	0	0.00%
2026-07-27	610680644151467	5 Core Professional Dynamic Vocal Microphone Neodymium Cardioid Unidirectional Handheld Singing Mic with Detachable XLR Cable Clip and Carry Bag	20	16	0	0	0.00%
2026-07-27	610680644178698	5 Core Tom Mic Cardioid Dynamic Microphone for Kick Drums	2	2	0	0	0.00%
2026-07-27	610680644184593	5 Core 1 Way 4Pcs Passive Cross Over Network Frequency Divider Metalised Polyester Capacitors	49	34	1	1	2.04%
2026-07-27	610680644191754	5 Core Speaker Stand 4Ft Adjustable Heavy Duty PA DJ Tripod Studio Monitor Stands w 35mm Insert	88	68	3	3	3.41%
2026-07-27	610680644200558	5 Core Snare Drum Stand w Drum Sticks Holder Double Braced Heavy Duty Tripod Stand Adjustable 22"	44	36	0	0	0.00%
2026-07-27	610680644204045	5 Core Piano Bench with Backrest Adjustable Keyboard Stool Thick Padded Musician Seat Heavy Duty Chair for Digital Piano and Keyboard	16	13	0	0	0.00%
2026-07-27	610710708924627	5 Core PA Horn 200W Loud Speaker Bull Horn 8Ohm	17	12	1	1	5.88%
2026-07-27	610710708947117	5Core Gaming Mouse Pad RGB 12 Light Modes	22	17	0	0	0.00%
2026-07-27	610723593864563	5 Core 13.5 Inch PA Horn 350W Loud Speaker Indoor Outdoor Bull Horn Loud Audio 8Ohm All Weather	74	57	4	4	5.41%
2026-07-27	610749363680087	5 Core Tablet Floor Stand 360° Rotatable Adjustable Overhead Universal Bed Phone iPad Stand	27	22	1	1	3.70%
2026-07-27	610762248577839	5Core Audio Mixer 4 Channel DJ Soundboard USB Mixing Console	14	10	0	0	0.00%
2026-07-27	610805198203486	5 Core Microphone Karaoke Mic With Speaker 3 in 1 Portable Mic	14	12	1	1	7.14%
2026-07-27	610806808810941	PA Horn Indoor/Outdoor Speaker	2	2	0	0	0.00%
2026-07-27	610806808819700	5Core Wall Speaker 100W Peak Audio System	2	2	0	0	0.00%
2026-07-27	610806808847440	6 Inch Woofer Speaker Car - 3 12inch Diaphragm Subwoofer Passive， Booster Designed Home， Audio， Bass | Car 3-12inch Diaphragm Subwoofer Passiv RadiatoOr Booster Passive Designed Speaker	5	5	0	0	0.00%
2026-07-27	610818083130397	5Core Conga Mic Snare Tom Microphone Drum Kit Condenser XLR Instrument Mics	21	18	0	0	0.00%
2026-07-27	610818083144564	5Core Conga Mic Snare Tom Microphone Drum Kit Condenser XLR Instrument Mics	25	22	0	0	0.00%
2026-07-27	610818083153885	5 Core Keyboard Stand and Piano Bench Combo Adjustable Music Stand and Stool Set	15	12	0	0	0.00%
2026-07-27	610818083157687	5 Core Keyboard Stand Piano Bench Combo Adjustable Key Board Stands 3" Padded Musician Chair Set	15	12	0	0	0.00%
2026-07-27	610818083157717	5 Core 2 Tier Keyboard Stand Adjustable Dual Keyboard Support Folding Heavy Duty Piano Stand with Anti-Slip Grip and Locking System	15	12	0	0	0.00%
2026-07-27	610873917679958	5 Core Kick Drum Microphone XLR Dynamic Cardioid Big Bass Tom Mic	17	13	0	0	0.00%
2026-07-27	610886802578238	5 Core Microphone Clip Holder with Screw Adapters 5/8 to 3/8 Inch	41	35	3	3	7.32%
2026-07-27	610886802599230	5 Core Microphone Clip Holder with Screw Adapters 5/8 to 3/8 Inch	55	47	1	1	1.82%
2026-07-27	610886802622187	5Core Coaxial Car Door Speakers 6” 4Pcs 500W 4Ohm 2 Way Component Subwoofer Audio w Super Tweeter	24	19	0	0	0.00%
2026-07-27	610892708174158	PA Horn Indoor/Outdoor Speaker Pair	6	4	6	1	100.00%
2026-07-27	610929752293168	5 Core 12 Inch Speaker 200W PA DJ Loudspeaker 8 Ohm Replacement Driver w 30 Oz Magnet	353	281	14	14	3.97%
2026-07-27	610985586826075	5 Core Megaphone 50W Bull Horn Professional PA Speaker	21	18	1	1	4.76%